name,league,dota,mobile legends,heroes,smite,hp,hplvl,hpregen,hpregenlvl,mana,manalvl,manaregen,manaregenlvl,armor,armorlvl,magicres,mrlvl,attackdamage,adlvl,baseattackspeed,attackspdlvl,attackrange,movespeed,pricefree,pricepaid,difficulty,meleerange,rangedrange,manaresource,support,gender
Aatrox,1,0,0,0,0,650,114,3,0.5,0,0,0,0,38,38,32,2.05,60,5,0.651,2.5,175,345,2400,880,2,1,0,0,0,0
Ahri,1,0,0,0,0,590,104,2.5,0.6,418,25,8,0.8,21,21,30,1.3,53,3,0.668,2.2,550,330,1575,790,2,0,1,1,0,2
Akali,1,0,0,0,0,600,121,9,0.9,200,0,50,0,23,23,37,2.05,62,3.3,0.625,3.2,125,345,1575,790,3,1,0,0,0,2
Akshan,1,0,0,0,0,630,115,3.75,0.65,350,40,8.2,0.7,26,26,30,1.3,52, 3,0.638,4,500,330,2400,880,3,0,1,1,0,0
Alistar,1,0,0,0,0,685,120,8.5,0.85,350,40,8.5,0.8,40,40,32,2.05,62,3.75,0.625,2.125,125,330,675,585,1,1,0,1,1,0
Ambessa,1,0,0,0,0,630,110,8.5,0.75,200,0,8,0.8,35,35,32,2.05,63,3,0.625,2.5,125,335,3150,975,3,1,0,0,0,2
Amumu,1,0,0,0,0,685,94,9,0.85,285,40,7.4,0.55,33,33,32,2.05,57,3.8,0.736,2.18,125,335,225,260,1,1,0,1,1,0
Anivia,1,0,0,0,0,550,92,5.5,0.55,495,45,8,0.8,21,21,30,1.3,51,3.2,0.658,1.68,600,325,1575,790,2,0,1,1,1,2
Annie,1,0,0,0,0,560,86,5.5,0.55,418,25,8,0.8,23,23,30,1.3,50,2.65,0.61,1.36,625,335,225,260,1,0,1,1,1,2
Aphelios,1,0,0,0,0,600,102,3.25,0.55,348,42,6.5,0.4,26,26,30,1.3,55,2.3,0.665,2.1,550,325,2400,880,3,0,1,1,0,0
Ashe,1,0,0,0,0,610,101,3.5,0.55,280,35,7,0.65,26,26,30,1.3,59,2.95,0.658,3.33,600,325,225,260,1,0,1,1,1,2
Aurelion Sol,1,0,0,0,0,600,90,5.5,0.55,530,40,8,0.75,22,22,30,1.3,58,3.2,0.625,1.5,550,335,2400,880,2,0,1,1,0,0
Aurora,1,0,0,0,0,607,110,6,0.55,475,30,8,0.8,23,23,32,1.3,53,3,0.668,2,550,335,3150,975,2,0,1,1,0,2
Azir,1,0,0,0,0,575,119,7,0.75,320,40,8,0.8,25,25,30,1.3,56,3.5,0.625,5.5,525,330,2400,880,3,0,1,1,0,0
Bard,1,0,0,0,0,630,103,5.5,0.55,350,50,6,0.45,34,34,30,1.3,52,3,0.658,2,500,335,2400,880,2,0,1,1,1,0
Bel'Veth,1,0,0,0,0,660,99,6,0.6,0,0,0,0,32,32,32,2.05,60, 2,0.85,0,150,340,1575,790,2,1,0,0,0,2
Blitzcrank,1,0,0,0,0,600,139,7.5,0.75,267,40,8.5,0.8,37,37,32,2.05,62,3.5,0.625,1.13,125,325,675,585,1,1,0,1,1,0
Brand,1,0,0,0,0,570,105,5.5,0.55,469,21,9,0.6,27,27,30,1.3,57,3,0.681,2,550,340,225,260,2,0,1,1,1,0
Braum,1,0,0,0,0,610,132,8.5,1,311,45,7,0.8,35,35,32,2.05,55,3.2,0.644,3.5,125,335,1575,790,2,1,0,1,1,0
Briar,1,0,0,0,0,625,85,0,0,0,0,0,0,30,30,32,2.05,60,2.5,0.644,2,125,340,2400,880,2,1,0,0,0,2
Caitlyn,1,0,0,0,0,580,107,3.5,0.55,315,40,7.4,0.7,27,27,30,1.3,60,3.8,0.681,4,650,325,225,260,1,0,1,1,0,2
Camille,1,0,0,0,0,650,99,8.5,0.8,339,52,8.15,0.75,35,35,32,2.05,68,3.8,0.644,2.5,125,340,2400,880,2,1,0,1,0,2
Cassiopeia,1,0,0,0,0,630,94,5.5,0.5,400,40,8,0.8,18,18,32,1.3,53,3,0.647,1.5,550,328,2400,880,3,0,1,1,0,2
Cho'Gath,1,0,0,0,0,644,94,9,0.85,270,60,7.2,0.45,38,38,32,2.05,69,4.2,0.658,1.44,125,345,675,585,1,1,0,1,0,0
Corki,1,0,0,0,0,610,100,5.5,0.55,350,40,7.4,0.7,27,27,30,1.3,52,2,0.644,2.8,550,325,1575,790,2,0,1,1,0,0
Darius,1,0,0,0,0,652,114,10,0.95,263,58,6.6,0.35,37,37,32,2.05,64,5,0.625,1,175,340,225,260,2,1,0,1,0,0
Diana,1,0,0,0,0,640,109,6.5,0.85,375,25,8,0.8,31,31,32,2.05,57,3,0.625,2,150,345,225,260,1,1,0,1,0,2
Dr. Mundo,1,0,0,0,0,640,103,7,0.5,0,0,0,0,32,32,29,2.3,61,2.5,0.67,3.3,125,345,225,260,1,1,0,0,0,0
Draven,1,0,0,0,0,675,104,3.75,0.7,361,39,8.05,0.65,29,29,30,1.3,62,3.6,0.679,2.7,550,330,2400,880,3,0,1,1,0,0
Ekko,1,0,0,0,0,655,121,9,0.9,280,70,7,0.8,32,32,32,2.05,58,3,0.688,3.3,125,340,1575,790,2,1,0,1,0,0
Elise,1,0,0,0,0,620,109,5.5,0.6,324,50,6,0.8,30,30,30,1.3,55,3,0.625,1.75,550,330,2400,880,2,0,1,1,0,2
Evelynn,1,0,0,0,0,642,98,8.5,0.75,315,42,8.11,0.6,37,37,32,2.05,61,3,0.667,2.1,125,335,675,585,2,1,0,1,0,2
Ezreal,1,0,0,0,0,600,102,4,0.65,375,70,8.5,1,24,24,30,1.3,60,2.75,0.625,2.5,550,325,675,585,2,0,1,1,0,0
Fiddlesticks,1,0,0,0,0,650,106,5.5,0.6,500,28,8,0.8,34,34,30,1.3,55,2.65,0.625,2.11,480,335,675,585,2,0,1,1,1,1
Fiora,1,0,0,0,0,620,89,8.5,0.55,300,60,8,0.7,33,33,32,2.05,66, 2,0.69,3.2,150,345,2400,880,2,1,0,1,0,2
Fizz,1,0,0,0,0,640,121,8,0.7,317,52,6,0.8,22,22,32,2.05,58,3,0.658,3.1,175,335,675,585,2,1,0,1,0,0
Galio,1,0,0,0,0,600,136,8,0.8,410,40,9.5,0.7,24,24,32,2.05,59,3.5,0.625,1.5,150,340,1575,790,2,1,0,1,0,0
Gangplank,1,0,0,0,0,630,114,6,0.6,280,60,8,0.7,31,31,32,2.05,64,4.2,0.658,3.2,125,345,1575,790,3,1,0,1,0,0
Garen,1,0,0,0,0,690,98,8,0.5,0,0,0,0,38,38,32,1.55,69,4.5,0.625,3.65,175,340,225,260,1,1,0,0,0,0
Gnar,1,0,0,0,0,640,122,4.5,1.25,0,0,0,0,35,35,33,4.8,66,5.7,0.625,0.5,175,335,2400,880,3,1,0,0,0,0
Gragas,1,0,0,0,0,640,115,5.5,0.5,400,47,6,0.8,38,38,32,2.05,64,3.5,0.675,2.05,125,330,1575,790,2,1,0,1,0,0
Graves,1,0,0,0,0,625,106,8,0.7,325,40,8,0.7,33,33,32,2.05,68,4,0.475,3,425,340,2400,880,2,0,1,1,0,0
Gwen,1,0,0,0,0,600,110,9,0.9,330,40,7.5,0.7,36,36,32,2.05,63,3,0.69,2.25,150,340,2400,880,2,1,0,1,0,2
Hecarim,1,0,0,0,0,625,106,7,0.75,280,40,7,0.8,32,32,32,2.05,66,3.7,0.67,2.5,175,345,2400,880,2,1,0,1,0,0
Heimerdinger,1,0,0,0,0,558,101,7,0.55,385,20,8,0.8,19,19,30,1.3,56,2.7,0.658,1.36,550,340,1575,790,2,0,1,1,1,0
Hwei,1,0,0,0,0,580,109,5.5,0.55,480,30,7.5,0.75,21,21,30,1.3,54,3.3,0.69,2.5,550,330,2400,880,3,0,1,1,1,0
Illaoi,1,0,0,0,0,656,105,9.5,0.8,350,50,7.5,0.75,35,35,32,2.05,65, 4,0.625,2.5,125,350,1575,790,2,1,0,1,0,2
Irelia,1,0,0,0,0,630,127,3.5,0.85,350,50,8,0.8,36,36,30,2.05,65,3.5,0.656,2.5,200,335,1575,790,2,1,0,1,0,2
Ivern,1,0,0,0,0,630,99,7,0.85,450,60,6,0.75,27,27,30,1.3,50,3,0.644,3.4,475,330,2400,880,2,0,1,1,1,0
Janna,1,0,0,0,0,570,90,5.5,0.55,360,50,11.5,0.4,28,28,30,1.3,47,2.5,0.625,3,550,325,675,585,1,0,1,1,1,2
Jarvan IV,1,0,0,0,0,640,104,8,0.7,300,55,6.5,0.45,36,36,32,2.05,64,3,0.658,2.5,175,340,1575,790,1,1,0,1,0,0
Jax,1,0,0,0,0,665,93,8.5,0.55,339,52,7.6,0.7,36,36,32,2.05,68, 4,0.638,3.4,125,350,675,585,1,1,0,1,0,0
Jayce,1,0,0,0,0,590,109,6,0.6,375,45,6,0.8,22,22,30,1.3,59,4.25,0.658,3,125,335,2400,880,3,0,1,1,0,0
Jhin,1,0,0,0,0,655,107,3.75,0.55,300,50,6,0.8,24,24,30,1.3,59,4.4,0.625+3,0,550,330,1234,880,2,0,1,1,0,0
Jinx,1,0,0,0,0,630,115,3.75,0.5,260,50,6.7,1,26,26,30,1.3,59, 3,0.625,1.4,525,325,1575,790,2,0,1,1,0,2
K'Sante,1,0,0,0,0,625,135,9.5,1,320,60,7,1,36,36,30,2.1,64,3.5,0.688,2.5,150,330,2400,880,3,1,0,1,0,0
Kai'Sa,1,0,0,0,0,640,102,4,0.55,345,40,8.2,0.7,27,27,30,1.3,59,2.6,0.644,1.8,525,335,675,585,3,0,1,1,0,2
Kalista,1,0,0,0,0,510,94,4,0.75,300,45,6.3,0.4,24,24,30,1.3,57,4,0.694,4.5,525,330,2400,880,3,0,1,1,0,2
Karma,1,0,0,0,0,630,109,5.5,0.55,374,40,13,0.8,28,28,30,1.3,51,3.3,0.625,2.3,525,335,1575,790,1,0,1,1,1,2
Karthus,1,0,0,0,0,620,110,6.5,0.55,467,31,8,0.8,21,21,30,1.3,46,3.25,0.625,2.11,450,335,1575,790,2,0,1,1,0,0
Kassadin,1,0,0,0,0,646,119,6,0.5,400,87,6,0.8,21,21,30,1.3,59,3.9,0.64,3.7,150,335,1575,790,2,1,0,1,0,0
Katarina,1,0,0,0,0,672,108,7.5,0.7,0,0,0,0,28,28,32,2.05,58,3.2,0.658,2.74,125,335,1575,790,2,1,0,0,0,2
Kayle,1,0,0,0,0,670,92,5,0.5,330,50,8,0.8,26,26,22,1.3,50, 2,0.625,1.5,175,335,2400,260,2,1,0,1,0,2
Kayn,1,0,0,0,0,655,103,8,0.75,410,50,11.5,0.95,38,38,32,2.05,68,3.3,0.669,2.7,175,340,1575,790,3,1,0,1,0,0
Kennen,1,0,0,0,0,580,98,5.5,0.65,200,0,50,0,29,29,30,1.3,48,3.75,0.625,3.4,550,335,2400,880,2,0,1,0,0,0
Kha'Zix,1,0,0,0,0,643,99,7.5,0.75,327,40,7.59,0.5,32,32,32,2.05,60,3.1,0.668,2.7,125,350,2400,880,2,1,0,1,0,0
Kindred,1,0,0,0,0,595,104,7,0.55,300,35,7,0.4,29,29,30,1.3,65, 2,0.625,3.5,500,325,2400,880,3,0,1,1,0,1
Kled,1,0,0,0,0,410,84,6,0.75,0,0,0,0,35,35,28,2.05,65,3.5,0.625,3.5,250,305,2400,880,3,1,0,0,0,0
Kog'Maw,1,0,0,0,0,635,99,3.75,0.55,325,40,8.75,0.7,24,24,30,1.3,61, 2,0.665,2.65,500,330,2400,880,2,0,1,1,0,0
LeBlanc,1,0,0,0,0,598,130,7.5,0.55,400,25,8,0.8,22,22,30,1.3,55,2.2,0.658,2.35,525,340,1575,790,2,0,1,1,0,2
Lee Sin,1,0,0,0,0,725,123,7.5,0.7,200,0,50,0,36,36,32,2.05,66,3.7,0.651,3,125,345,675,585,2,1,0,0,0,0
Leona,1,0,0,0,0,646,101,8.5,0.85,302,40,6,0.8,43,43,32,2.05,60,3,0.625,2.9,125,335,225,260,1,1,0,1,1,2
Lillia,1,0,0,0,0,605,105,2.5,0.55,410,50,11.5,0.95,22,22,32,1.55,61,3.1,0.625,2.7,325,330,2400,880,3,1,0,1,0,2
Lissandra,1,0,0,0,0,620,110,7,0.55,475,30,8,0.4,22,22,30,1.3,55,2.7,0.656,1.5,550,325,2400,880,2,0,1,1,0,2
Lucian,1,0,0,0,0,641,100,3.75,0.65,320,43,7,0.8,28,28,30,1.3,60,2.9,0.638,3.3,500,335,675,585,2,0,1,1,0,0
Lulu,1,0,0,0,0,565,92,6,0.6,350,55,11,0.6,26,26,30,1.3,47,2.6,0.625,2.25,550,330,2400,880,2,0,1,1,1,2
Lux,1,0,0,0,0,580,114,5.5,0.55,480,23.5,7,0.8,21,21,30,1.3,54,3.3,0.669,3,550,330,225,260,1,0,1,1,1,2
Malphite,1,0,0,0,0,665,104,7,0.55,280,60,7.3,0.55,37,37,28,2.05,62,4,0.736,3.4,125,335,225,260,1,1,0,1,0,0
Malzahar,1,0,0,0,0,580,101,6,0.6,375,28,8,0.8,18,18,30,1.3,55,3,0.625,1.5,500,335,2400,880,1,0,1,1,0,0
Maokai,1,0,0,0,0,665,109,5,0.75,375,43,6,0.6,35,35,32,2.05,64,3.3,0.8,2.125,125,335,2400,880,1,1,0,1,1,0
Master Yi,1,0,0,0,0,669,105,7.5,0.65,251,42,7.25,0.45,33,33,32,2.05,65, 2,0.679,2.5,175,355,225,260,1,1,0,1,0,0
Mel,1,0,0,0,0,630,93,6,0.55,480,28,8,0,21,21,30,1.3,54,3.3,0.625,2.5,550,330,3150,975,2,0,1,1,1,2
Milio,1,0,0,0,0,560,88,5,0.5,365,43,11.5,0.8,26,26,30,1.3,48,3.2,0.625,3,525,330,2400,880,1,0,1,1,1,0
Miss Fortune,1,0,0,0,0,640,113,3.75,0.65,300,40,8,0.4,25,25,30,1.3,53, 3,0.656,3,550,325,225,260,1,0,1,1,0,2
Mordekaiser,1,0,0,0,0,645,104,5,0.75,0,0,0,0.8,37,37,32,2.05,61,4,0.625,1,175,335,675,585,2,1,0,0,0,0
Morgana,1,0,0,0,0,630,104,5.5,0.4,340,60,11,0,25,25,30,1.3,56,3.5,0.625,1.53,450,335,675,585,1,0,1,1,1,2
Naafiri,1,0,0,0,0,610,125,7.5,0.7,400,55,7.5,0.4,28,28,32,2.05,55,2,0.663,2.1,125,340,675,585,1,1,0,1,0,2
Nami,1,0,0,0,0,560,88,5.5,0.55,365,43,11.5,1,29,29,30,1.3,54,3.1,0.644,2.61,550,335,1575,790,2,0,1,1,1,2
Nasus,1,0,0,0,0,631,104,9,0.9,326,62,7.45,0.4,34,34,32,2.05,67,4,0.638,3.48,125,350,675,585,1,1,0,1,0,0
Nautilus,1,0,0,0,0,646,100,8.5,0.55,400,47,8.65,0.5,39,39,32,2.05,61,3.3,0.706,1,175,325,2400,880,2,1,0,1,1,0
Neeko,1,0,0,0,0,610,104,7.5,0.75,450,30,7,0.5,21,21,30,1.3,48,2.5,0.625,3.5,550,340,2400,880,1,0,1,1,1,2
Nidalee,1,0,0,0,0,610,124,6,0.6,295,45,6,0.7,32,32,30,1.45,58,3.5,0.638,3.22,525,335,1575,790,2,0,1,1,0,2
Nilah,1,0,0,0,0,570,101,6,0.9,350,35,8.2,0.8,27,27,32,2.05,60,2,0.697,2.25,225,340,2400,880,3,1,0,1,0,2
Nocturne,1,0,0,0,0,655,109,7,0.75,275,35,7,0.7,38,38,32,1.55,62,2.6,0.721,2.7,125,345,1575,790,1,1,0,1,0,0
Nunu %26 Willump,1,0,0,0,0,610,90,5,0.8,280,42,7,0.45,29,29,32,2.05,61,3,0.625,2.25,125,345,225,260,1,1,0,1,0,0
Olaf,1,0,0,0,0,645,119,6.5,0.6,316,50,7.5,0.5,35,35,32,2.05,68,4.7,0.694,2.7,125,350,1575,790,1,1,0,1,0,0
Orianna,1,0,0,0,0,585,125,7,0.55,418,25,8,0.6,20,20,26,1.3,44,2.6,0.658,3.5,525,325,2400,880,3,0,1,1,1,2
Ornn,1,0,0,0,0,660,109,9,0.9,341,65,8,0.8,33,33,32,2.05,69,3.5,0.625,2,175,335,2400,880,2,1,0,1,0,0
Pantheon,1,0,0,0,0,650,120,6,0.65,317,31,7.35,0.6,40,40,28,2.05,64,3.3,0.658,2.95,175,345,675,585,1,1,0,1,1,0
Poppy,1,0,0,0,0,610,110,8,0.8,280,40,7,0.45,35,35,32,2.05,60,4,0.658,2.5,125,345,225,260,2,1,0,1,0,2
Pyke,1,0,0,0,0,740,125,7,0.5,415,50,8,0.7,43,43,32,2.05,62,2,0.667,2.5,150,330,1575,790,2,1,0,1,1,0
Qiyana,1,0,0,0,0,620,124,8,0.9,375,60,8,1,31,31,32,2.05,66,3.1,0.688,2.1,150,335,2400,880,3,1,0,1,0,2
Quinn,1,0,0,0,0,565,122,5.5,0.55,269,35,7,0.7,28,28,30,1.3,59, 3,0.668,3.1,525,330,2400,880,2,0,1,1,0,2
Rakan,1,0,0,0,0,610,99,5,0.5,315,50,8.75,0.4,30,30,32,2.05,62,3.5,0.635,3,300,335,2400,880,2,1,0,1,1,0
Rammus,1,0,0,0,0,675,115,8,0.55,310,33,7.85,0.5,35,35,32,2.05,65,2.75,0.7,2.215,125,335,675,585,1,1,0,1,0,0
Rek'Sai,1,0,0,0,0,600,119,2.5,0.5,100,0,0,0.5,35,35,32,2.05,58, 4,0.667,2,175,340,2400,880,2,1,0,0,0,2
Rell,1,0,0,0,0,620,104,7.5,0.85,320,40,6,0,30,30,28,1.8,55,3,0.625,2,175,315,2400,880,2,1,0,1,1,2
Renata Glasc,1,0,0,0,0,545,94,5.5,0.55,350,50,11.5,0.35,27,27,30,1.3,49,3,0.625,2.11,550,330,2400,880,2,0,1,1,1,2
Renekton,1,0,0,0,0,660,111,8,0.75,100,0,0,0.5,35,35,28,2.05,69,4.15,0.665,2.75,125,345,2400,880,1,1,0,0,0,0
Rengar,1,0,0,0,0,620,110,6,0.5,4,0,0,0,34,34,32,2.05,68, 3,0.667,3,125,345,2400,880,2,1,0,0,0,0
Riven,1,0,0,0,0,630,100,8.5,0.5,0,0,0,0,33,33,32,2.05,64,3,0.625,3.5,125,340,2400,880,3,1,0,0,0,2
Rumble,1,0,0,0,0,655,105,7,0.6,150,0,0,0,36,36,28,1.55,64,3.2,0.644,1.85,125,345,2400,880,2,1,0,0,0,0
Ryze,1,0,0,0,0,645,124,8,0.8,300,70,8,0,22,22,32,1.3,58,3,0.658,2.11,550,340,2400,260,3,0,1,1,0,0
Samira,1,0,0,0,0,630,108,3.25,0.55,349,38,8.2,1,26,26,30,1.3,57, 2,0.658,3.3,500,335,1575,790,3,0,1,1,0,2
Sejuani,1,0,0,0,0,630,144,8.5,1,400,40,7,0.7,34,34,32,2.05,66,4,0.688,3.5,150,340,225,260,2,1,0,1,0,2
Senna,1,0,0,0,0,530,89,3.5,0.55,350,45,11.5,0.7,25,25,30,1.3,50,0,0.625,2,600,330,1575,790,2,0,1,1,1,2
Seraphine,1,0,0,0,0,570,95,6.5,0.6,360,25,11.5,0.7,26,26,30,1.3,50,3,0.669,2,525,330,1575,790,1,0,1,1,1,2
Sett,1,0,0,0,0,670,114,7,0.5,360,0,0,0.95,33,33,28,2.05,60,4,0.625,1.75,125,340,675,585,2,1,0,0,0,0
Shaco,1,0,0,0,0,630,99,8.5,0.55,297,40,6,0,30,30,32,2.05,63,3,0.694,3,125,345,1575,790,3,1,0,1,0,0
Shen,1,0,0,0,0,610,99,8.5,0.75,400,0,50,0.35,34,34,32,2.05,64,3,0.751,3,125,340,1575,790,1,1,0,0,0,0
Shyvana,1,0,0,0,0,665,94,8.5,0.8,100,0,0,0,38,38,32,1.5,66,3,0.658,2.5,125,350,1575,790,1,1,0,0,0,2
Singed,1,0,0,0,0,650,96,9.5,0.55,330,45,7.5,0,34,34,32,2.05,63,3.4,0.7,1.9,125,345,2400,260,2,1,0,1,0,0
Sion,1,0,0,0,0,655,87,9,0.8,400,52,8,0.55,36,36,32,2.05,68,4,0.679,1.3,175,345,675,585,1,1,0,1,0,0
Sivir,1,0,0,0,0,600,104,3.25,0.55,340,45,6,0.6,30,30,30,1.3,60,2.5,0.625,2,500,335,225,260,2,0,1,1,0,2
Skarner,1,0,0,0,0,630,110,7.5,0.75,320,40,7.2,0.8,33,33,32,2.05,63,3,0.625,2,150,335,2400,880,2,1,0,1,0,0
Smolder,1,0,0,0,0,575,100,3.75,0.6,300,40,8.5,0.75,24,24,30,1.3,60,2.3,0.638,4,550,330,3150,975,2,0,1,1,0,0
Sona,1,0,0,0,0,550,91,5.5,0.55,340,45,11.5,0.7,26,26,30,1.3,49,3,0.644,2.3,550,325,225,260,1,0,1,1,1,2
Soraka,1,0,0,0,0,605,88,2.5,0.5,425,40,11.5,0.4,32,32,30,1.3,50,3,0.625,2.14,550,325,225,260,1,0,1,1,1,2
Swain,1,0,0,0,0,595,99,3,0.5,400,29,10,0.4,25,25,31,1.55,58,2.7,0.625,2.11,525,330,1575,790,2,0,1,1,1,0
Sylas,1,0,0,0,0,600,122,9,0.9,400,70,8,0.8,29,29,32,2.55,61,3,0.645,3.5,175,340,1575,790,3,1,0,1,0,0
Syndra,1,0,0,0,0,563,104,6.5,0.6,480,40,8,0.8,25,25,30,1.3,54,2.9,0.658,2,550,330,1575,790,3,0,1,1,0,2
Tahm Kench,1,0,0,0,0,640,103,6.5,0.55,325,50,8,0.8,39,39,32,2.05,56,3.2,0.658,2.5,175,335,2400,880,1,1,0,1,1,0
Taliyah,1,0,0,0,0,550,104,6.5,0.65,470,30,8,1,18,18,28,1.3,58,3.3,0.658,1.36,525,330,2400,880,2,0,1,1,1,2
Talon,1,0,0,0,0,658,109,8.5,0.75,400,37,7.6,0.8,30,30,36,2.05,68,3.1,0.625,2.9,125,335,1575,790,2,1,0,1,0,0
Taric,1,0,0,0,0,645,99,6,0.5,300,60,8.5,0.8,40,40,28,2.05,55,3.5,0.625,2,150,340,675,585,2,1,0,1,1,0
Teemo,1,0,0,0,0,615,104,5.5,0.65,334,25,9.6,0.8,24,24,30,1.3,54,3,0.69,3.38,500,330,225,260,1,0,1,1,0,0
Thresh,1,0,0,0,0,620,130,7,0.55,274,44,6,0.45,33,33,30,1.55,56,2.2,0.625,3.5,450,330,1575,790,3,0,1,1,1,0
Tristana,1,0,0,0,0,640,102,4,0.5,300,32,7.2,0.8,30,30,28,1.3,60,2.5,0.656,1.5,550,325,675,585,1,0,1,1,0,2
Trundle,1,0,0,0,0,650,110,6,0.75,340,45,7.5,0.45,37,37,32,2.05,68,4,0.67,2.9,175,350,1575,790,1,1,0,1,0,0
Tryndamere,1,0,0,0,0,696,108,8.5,0.9,100,0,0,0.6,33,33,32,2.05,66, 3,0.67,3.4,175,345,675,585,1,1,0,0,0,0
Twisted Fate,1,0,0,0,0,604,108,5.5,0.6,333,39,8,0,24,24,30,1.3,52,2.5,0.625,2.5,525,330,2400,585,2,0,1,1,0,0
Twitch,1,0,0,0,0,630,104,3.75,0.6,300,40,7.25,0.8,27,27,30,1.3,59,3.1,0.679,3.38,550,330,1575,790,2,0,1,1,0,0
Udyr,1,0,0,0,0,664,92,6,0.75,271,50,7.5,0.7,31,31,32,2.05,62,4,0.65,3,125,350,675,585,1,1,0,1,0,0
Urgot,1,0,0,0,0,655,102,7.5,0.7,340,45,7.25,0.45,36,36,32,2.05,63,4,0.625,3.75,350,330,1575,790,2,0,1,1,0,0
Varus,1,0,0,0,0,600,105,3.5,0.55,320,40,8,0.8,24,24,30,1.3,59,3.4,0.658,3.5,575,330,2400,880,2,0,1,1,0,0
Vayne,1,0,0,0,0,550,93,3.5,0.55,232,35,7,0.8,23,23,30,1.3,60, 1,0.658,3.3,550,330,1575,790,2,0,1,1,0,2
Veigar,1,0,0,0,0,580,108,6.5,0.6,490,26,8,0.4,18,18,32,1.3,52,2.7,0.625,2.24,550,340,675,585,2,0,1,1,0,0
Vel'Koz,1,0,0,0,0,590,102,5.5,0.55,469,21,8,0.8,22,22,30,1.3,55,3.1416,0.643,1.59,525,340,1618,880,2,0,1,1,1,0
Vex,1,0,0,0,0,590,114,6.5,0.6,490,32,6,0.8,23,23,28,1.3,54,2.75,0.669,1,550,335,1575,790,2,0,1,1,0,2
Vi,1,0,0,0,0,655,99,10,1,295,65,8,0.8,30,30,32,2.05,63,3,0.644,2,125,340,675,585,1,1,0,1,0,2
Viego,1,0,0,0,0,630,109,7,0.7,0,0,0,0.65,34,34,32,2.05,57,3.5,0.658,2.5,200,345,2400,880,3,1,0,0,0,0
Viktor,1,0,0,0,0,600,92,8,0.65,405,45,8,0,23,23,30,1.3,53,3,0.658,2.11,525,335,2400,880,3,0,1,1,0,0
Vladimir,1,0,0,0,0,607,110,7,0.6,2,0,0,0.8,27,27,30,1.3,55,3,0.658,2,450,330,1575,790,3,0,1,0,0,0
Volibear,1,0,0,0,0,650,104,9,0.75,350,70,6.25,0,31,31,32,2.05,60,3.5,0.625,2,150,340,675,585,1,1,0,1,0,0
Warwick,1,0,0,0,0,620,99,4,0.75,280,35,7.45,0.5,33,33,32,2.05,60,2.75,0.638,2.3,125,335,225,260,1,1,0,1,0,0
Wukong,1,0,0,0,0,610,99,3.5,0.65,330,65,8,0.6,31,31,28,2.05,66,3.5,0.69,3,175,340,1575,790,1,1,0,1,0,0
Xayah,1,0,0,0,0,630,97,3.25,0.75,340,40,8.25,0.8,25,25,30,1.3,60, 2,0.658,3.9,525,330,2400,880,2,0,1,1,0,2
Xerath,1,0,0,0,0,596,121,5.5,0.55,400,22,6.85,0.8,22,22,30,1.3,55,3,0.658,1.36,525,340,675,585,1,0,1,1,1,0
Xin Zhao,1,0,0,0,0,640,106,8,0.7,274,55,7.25,0.8,35,35,32,2.05,63,3,0.645,3.5,175,345,675,585,1,1,0,1,0,0
Yasuo,1,0,0,0,0,590,110,6.5,0.9,100,0,0,0.45,32,32,32,2.05,60,2.5,0.697,3.5,175,345,675,585,3,1,0,0,0,0
Yone,1,0,0,0,0,620,115,7.5,0.75,500,0,0,0,33,33,32,2.05,60,2,0.625,3.5,175,345,1575,790,3,1,0,0,0,0
Yorick,1,0,0,0,0,650,114,8,0.8,300,60,7.5,0,32,32,32,2.05,62, 4,0.625,2,175,340,1575,790,2,1,0,1,0,0
Yunara,1,0,0,0,0,600,110,4,0.55,275,45,7.5,0.75,25,25,30,1.3,56,2.5,0.65,2,575,325,3150,975,2,0,1,1,0,2
Yuumi,1,0,0,0,0,500,69,5,0.55,440,45,10,0.4,25,25,25,1.1,49,3.1,0.625,1,425,330,225,260,1,0,1,1,1,2
Zac,1,0,0,0,0,685,109,5,0.5,0,0,0,0,33,33,32,2.05,60,3.4,0.736,1.6,175,340,2400,880,1,1,0,0,0,0
Zed,1,0,0,0,0,654,99,7,0.65,200,0,50,0,32,32,29,2.05,63,3.4,0.651,3.3,125,345,675,585,3,1,0,0,0,0
Zeri,1,0,0,0,0,600,110,3.25,0.7,250,45,6,0.8,24,24,30,1.3,56,2,0.658,2,500,330,2400,880,3,0,1,1,0,2
Ziggs,1,0,0,0,0,606,123,6.5,0.6,480,23.5,8,0.8,21,21,30,1.3,55,3.1,0.656,2,550,325,2400,880,1,0,1,1,0,0
Zilean,1,0,0,0,0,574,96,5.5,0.5,452,50,11.35,0.8,24,24,30,1.3,52,3,0.658,2.13,550,335,675,585,2,0,1,1,1,0
Zoe,1,0,0,0,0,630,135,7.5,0.6,425,25,8,0.65,21,21,30,1.3,58,3.3,0.658,2.5,550,340,2400,880,3,0,1,1,1,2
Zyra,1,0,0,0,0,574,93,5.5,0.5,418,25,7,0.8,29,29,30,1.3,53,3.2,0.681,2.11,575,340,1575,790,1,0,1,1,1,2
Abaddon,0,1,0,0,0,604,52,3.2,0.26,291,24,0.9,0.1,3,0.2505,25,0.18,22,2.6,95,1.5,150,325,0,0,1,1,0,1,1,0
Alchemist,0,1,0,0,0,626,54,2.55,0.27,375,21.6,1.25,0.09,4,0.2505,25,0.25,23,2.7,110,1.5,150,295,0,0,1,1,0,1,1,0
Ancient Apparition,0,1,0,0,0,560,38,2.25,0.19,351,37.2,1.15,0.155,2,0.334,25,0.23,20,1.9,100,2,675,285,0,0,2,0,1,1,1,0
Anti-Mage,0,1,0,0,0,582,32,3.1,0.16,219,21.6,0.6,0.09,5,0.4676,25,0.12,21,1.6,100,2.8,150,310,0,0,1,1,0,1,0,0
Arc Warden,0,1,0,0,0,560,48,2.25,0.24,363,31.2,1.2,0.13,3,0.501,25,0.24,20,2.4,100,3,625,285,0,0,3,0,1,1,0,0
Axe,0,1,0,0,0,670,56,5,0.28,291,19.2,0.9,0.08,2,0.2839,25,0.18,25,2.8,100,1.7,150,315,0,0,1,1,0,1,0,0
Bane,0,1,0,0,0,626,54,2.55,0.27,351,32.4,1.15,0.135,5,0.4509,25,0.23,23,2.7,100,2.7,400,305,0,0,2,0,1,1,1,0
Batrider,0,1,0,0,0,626,58,3.55,0.29,339,34.8,1.1,0.145,5,0.3006,25,0.22,23,2.9,100,1.8,400,320,0,0,2,0,1,1,0,0
Beastmaster,0,1,0,0,0,670,58,2.75,0.29,267,22.8,0.8,0.095,2,0.3173,25,0.16,25,2.9,100,1.9,150,305,0,0,2,1,0,1,0,0
Bloodseeker,0,1,0,0,0,648,54,2.65,0.27,279,24,0.85,0.1,6,0.5177,25,0.17,24,2.7,100,3.1,150,285,0,0,1,1,0,1,0,0
Bounty Hunter,0,1,0,0,0,538,50,2.65,0.25,315,22.8,1.5,0.095,9,0.4342,25,0.2,19,2.5,100,2.6,150,325,0,0,1,1,0,1,0,0
Brewmaster,0,1,0,0,0,626,74,2.8,0.37,279,19.2,0.85,0.08,3,0.334,25,0.17,23,3.7,100,2,150,310,0,0,3,1,0,1,0,0
Bristleback,0,1,0,0,0,604,54,3.2,0.27,243,33.6,1.1,0.14,4,0.3006,25,0.14,22,2.7,100,1.8,150,295,0,0,1,1,0,1,0,0
Broodmother,0,1,0,0,0,516,58,2.05,0.29,291,24,0.9,0.1,2,0.5678,25,0.18,18,2.9,125,3.4,175,285,0,0,2,1,0,1,0,2
Centaur Warrunner,0,1,0,0,0,714,80,5.7,0.4,255,19.2,0.75,0.08,1,0.167,25,0.15,27,4,90,1,150,305,0,0,1,1,0,1,0,0
Chaos Knight,0,1,0,0,0,648,62,2.65,0.31,291,14.4,0.9,0.06,5,0.3006,25,0.18,24,3.1,100,1.8,150,325,0,0,1,1,0,1,0,0
Chen,0,1,0,0,0,626,40,2.55,0.2,303,38.4,1.45,0.16,2,0.3507,25,0.19,23,2,100,2.1,650,305,0,0,3,0,1,1,1,0
Clinkz,0,1,0,0,0,494,40,1.95,0.2,327,26.4,1.05,0.11,4,0.4509,25,0.21,17,2,100,2.7,600,290,0,0,2,0,1,1,0,0
Clockwerk,0,1,0,0,0,692,64,3.1,0.32,291,20.4,0.9,0.085,3,0.3841,25,0.18,26,3.2,100,2.3,150,310,0,0,2,1,0,1,0,0
Crystal Maiden,0,1,0,0,0,494,44,1.95,0.22,291,39.6,0.9,0.165,3,0.3006,25,0.18,17,2.2,100,1.8,600,280,0,0,1,0,1,1,1,2
Dark Seer,0,1,0,0,0,560,52,3,0.26,327,32.4,1.05,0.135,4,0.2505,25,0.21,20,2.6,100,1.5,150,295,0,0,1,1,0,1,0,0
Dark Willow,0,1,0,0,0,560,40,2.75,0.2,327,42,1.05,0.175,3,0.2672,25,0.21,20,2,115,1.6,475,290,0,0,2,0,1,1,1,2
Dawnbreaker,0,1,0,0,0,670,68,3,0.34,315,24,1,0.1,4,0.2839,25,0.2,25,3.4,100,1.7,150,300,0,0,1,1,0,1,0,2
Dazzle,0,1,0,0,0,516,46,2.05,0.23,375,44.4,1.55,0.185,3,0.2839,25,0.25,18,2.3,100,1.7,575,305,0,0,1,0,1,1,1,0
Death Prophet,0,1,0,0,0,582,58,2.35,0.29,363,36,1.7,0.15,3,0.334,25,0.24,21,2.9,100,2,600,290,0,0,1,0,1,1,0,2
Disruptor,0,1,0,0,0,582,48,2.35,0.24,315,34.8,1,0.145,3,0.2338,25,0.2,21,2.4,100,1.4,625,295,0,0,2,0,1,1,1,0
Doom,0,1,0,0,0,648,70,3.06,0.35,255,20.4,0.75,0.085,5,0.2505,25,0.15,24,3.5,100,1.5,200,290,0,0,2,1,0,1,0,0
Dragon Knight,0,1,0,0,0,582,72,2.35,0.36,291,20.4,0.9,0.085,3,0.334,25,0.18,21,3.6,100,2,150,315,0,0,1,1,0,1,0,0
Drow Ranger,0,1,0,0,0,472,38,1.85,0.19,255,16.8,0.75,0.07,4,0.4843,25,0.15,16,1.9,100,2.9,625,310,0,0,1,0,1,1,0,2
Earth Spirit,0,1,0,0,0,604,76,3.2,0.38,291,25.2,0.9,0.105,3,0.4008,25,0.18,22,3.8,100,2.4,150,290,0,0,3,1,0,1,0,0
Earthshaker,0,1,0,0,0,604,74,3.2,0.37,291,25.2,0.9,0.105,4,0.2338,25,0.18,22,3.7,100,1.4,150,315,0,0,2,1,0,1,1,0
Elder Titan,0,1,0,0,0,692,60,3.35,0.3,351,19.2,1.4,0.08,3,0.3006,25,0.23,26,3,100,1.8,150,305,0,0,2,1,0,1,0,0
Ember Spirit,0,1,0,0,0,604,46,2.7,0.23,315,26.4,1,0.11,4,0.5344,25,0.2,22,2.3,100,3.2,150,300,0,0,2,1,0,1,0,0
Enchantress,0,1,0,0,0,494,40,1.95,0.2,339,48,1.6,0.2,4,0.3507,25,0.22,17,2,100,2.1,575,320,0,0,2,0,1,1,1,2
Enigma,0,1,0,0,0,582,50,2.35,0.25,303,43.2,1.45,0.18,3,0.167,25,0.19,21,2.5,100,1,500,280,0,0,2,0,1,1,0,0
Faceless Void,0,1,0,0,0,560,52,3,0.26,255,18,0.75,0.075,3,0.5511,25,0.15,20,2.6,100,3.3,150,300,0,0,2,1,0,1,0,0
Grimstroke,0,1,0,0,0,582,48,2.35,0.24,375,45.6,1.25,0.19,3,0.3173,25,0.25,21,2.4,100,1.9,600,290,0,0,2,0,1,1,1,0
Gyrocopter,0,1,0,0,0,604,50,2.45,0.25,327,28.8,1.05,0.12,5,0.5344,25,0.21,22,2.5,125,3.2,365,320,0,0,1,0,1,1,0,0
Hoodwink,0,1,0,0,0,494,40,1.95,0.2,327,34.8,1.05,0.145,4,0.6012,25,0.21,17,2,100,3.6,575,315,0,0,2,0,1,1,1,2
Huskar,0,1,0,0,0,626,66,2.55,0.33,291,18,0.9,0.075,2,0.2505,25,0.18,23,3.3,100,1.5,400,295,0,0,1,0,1,1,0,0
Invoker,0,1,0,0,0,538,50,2.15,0.25,315,48,1,0.2,1,0.334,25,0.2,19,2.5,100,2,600,285,0,0,3,0,1,1,0,0
Io,0,1,0,0,0,494,60,1.95,0.3,351,20.4,1.15,0.085,3,0.2672,25,0.23,17,3,100,1.6,500,320,0,0,3,0,1,1,1,1
Jakiro,0,1,0,0,0,670,50,2.75,0.25,387,36,1.3,0.15,4,0.2004,25,0.26,25,2.5,100,1.2,400,290,0,0,1,0,1,1,1,1
Juggernaut,0,1,0,0,0,560,40,2.5,0.2,243,16.8,0.7,0.07,6,0.4676,25,0.14,20,2,110,2.8,150,300,0,0,1,1,0,1,0,0
Keeper of the Light,0,1,0,0,0,516,46,2.05,0.23,351,39.6,1.15,0.165,3,0.2672,25,0.23,18,2.3,100,1.6,600,320,0,0,2,0,1,1,1,0
Kez,0,1,0,0,0,538,56,3.4,0.28,315,20.4,1,0.085,6,0.5845,25,0.2,19,2.8,110,3.5,225,315,0,0,1,1,0,1,0,0
Kunkka,0,1,0,0,0,648,72,3.15,0.36,291,21.6,0.9,0.09,4,0.2672,25,0.18,24,3.6,100,1.6,150,315,0,0,2,1,0,1,1,0
Legion Commander,0,1,0,0,0,648,62,2.65,0.31,315,26.4,1,0.11,3,0.2839,25,0.2,24,3.1,100,1.7,150,325,0,0,1,1,0,1,0,2
Leshrac,0,1,0,0,0,560,56,2.25,0.28,339,42,1.1,0.175,4,0.4175,25,0.22,20,2.8,100,2.5,575,325,0,0,1,0,1,1,1,0
Lich,0,1,0,0,0,560,42,2.5,0.21,387,45.6,2.05,0.19,2,0.334,25,0.26,20,2.1,100,2,550,290,0,0,1,0,1,1,1,0
Lifestealer,0,1,0,0,0,626,48,2.55,0.24,255,21.6,0.75,0.09,4,0.3173,25,0.15,23,2.4,100,1.9,150,315,0,0,2,1,0,1,0,0
Lina,0,1,0,0,0,560,48,2.25,0.24,435,45.6,1.5,0.19,4,0.4008,25,0.3,20,2.4,100,2.4,670,290,0,0,1,0,1,1,1,2
Lion,0,1,0,0,0,516,48,2.3,0.24,303,42,0.95,0.175,3,0.2839,25,0.19,18,2.4,115,1.7,600,290,0,0,1,0,1,1,1,0
Lone Druid,0,1,0,0,0,516,50,2.05,0.25,231,16.8,0.65,0.07,3,0.4676,25,0.13,18,2.5,100,2.8,550,325,0,0,3,0,1,1,0,0
Luna,0,1,0,0,0,582,44,2.6,0.22,351,22.8,1.15,0.095,6,0.5678,25,0.23,21,2.2,100,3.4,330,325,0,0,1,0,1,1,0,2
Lycan,0,1,0,0,0,736,68,3.05,0.34,351,20.4,1.15,0.085,3,0.2839,25,0.23,28,3.4,110,1.7,150,305,0,0,2,1,0,1,0,0
Magnus,0,1,0,0,0,626,62,2.8,0.31,315,25.2,1.5,0.105,3,0.334,25,0.2,23,3.1,100,2,200,305,0,0,2,1,0,1,0,0
Marci,0,1,0,0,0,626,60,2.55,0.3,303,22.8,0.95,0.095,3,0.3674,25,0.19,23,3,100,2.2,150,315,0,0,2,1,0,1,1,2
Mars,0,1,0,0,0,626,74,2.55,0.37,327,26.4,1.55,0.11,2,0.2839,25,0.21,23,3.7,100,1.7,250,310,0,0,1,1,0,1,0,0
Medusa,0,1,0,0,0,120,0,0.25,0,375,43.2,1.25,0.18,3,0.6012,25,0.25,0,0,100,3.6,600,275,0,0,1,0,1,1,0,2
Meepo,0,1,0,0,0,648,44,2.65,0.22,291,22.8,1.15,0.095,6,0.3507,25,0.18,24,2.2,100,2.1,150,320,0,0,3,1,0,1,0,0
Mirana,0,1,0,0,0,560,44,2.25,0.22,339,22.8,1.5,0.095,2,0.5177,25,0.22,20,2.2,100,3.1,630,290,0,0,2,0,1,1,1,2
Monkey King,0,1,0,0,0,538,56,2.9,0.28,315,21.6,1,0.09,6,0.6179,25,0.2,19,2.8,100,3.7,300,300,0,0,2,1,0,1,0,0
Morphling,0,1,0,0,0,626,52,2.8,0.26,303,21.6,0.95,0.09,2,0.6513,25,0.19,23,2.6,100,3.9,350,285,0,0,3,0,1,1,0,0
Muerta,0,1,0,0,0,538,40,2.15,0.2,351,40.8,1.15,0.17,4,0.4509,25,0.23,19,2,115,2.7,575,295,0,0,1,0,1,1,0,2
Naga Siren,0,1,0,0,0,582,48,3.1,0.24,315,24,1,0.1,5,0.5511,25,0.2,21,2.4,110,3.3,150,330,0,0,2,1,0,1,1,2
Nature's Prophet,0,1,0,0,0,538,52,2.15,0.26,339,42,1.1,0.175,2,0.5344,25,0.22,19,2.6,100,3.2,620,295,0,0,2,0,1,1,0,0
Necrophos,0,1,0,0,0,516,46,2.05,0.23,351,32.4,1.15,0.135,4,0.2171,25,0.23,18,2.3,100,1.3,500,280,0,0,1,0,1,1,0,0
Night Stalker,0,1,0,0,0,626,60,3.8,0.3,255,19.2,1,0.08,5,0.3674,25,0.15,23,3,100,2.2,150,295,0,0,1,1,0,1,0,0
Nyx Assassin,0,1,0,0,0,494,54,3.7,0.27,327,31.2,1.05,0.13,4,0.4843,25,0.21,17,2.7,100,2.9,150,310,0,0,2,1,0,1,0,0
Ogre Magi,0,1,0,0,0,670,84,4,0.42,75,0,0,0,6,0.2505,25,0,25,4.2,100,1.5,150,290,0,0,1,1,0,1,1,0
Omniknight,0,1,0,0,0,604,62,2.45,0.31,267,25.2,0.8,0.105,5,0.334,25,0.16,22,3.1,100,2,150,310,0,0,1,1,0,1,1,0
Oracle,0,1,0,0,0,560,44,2.25,0.22,387,43.2,1.8,0.18,4,0.2839,25,0.26,20,2.2,100,1.7,625,295,0,0,3,0,1,1,1,0
Outworld Destroyer,0,1,0,0,0,582,58,3.1,0.29,435,50.4,1.5,0.21,5,0.2672,25,0.3,21,2.9,100,1.6,450,315,0,0,2,0,1,1,0,0
Pangolier,0,1,0,0,0,538,54,3.15,0.27,267,26.4,0.8,0.11,5,0.5344,25,0.16,19,2.7,100,3.2,150,295,0,0,2,1,0,1,0,0
Phantom Assassin,0,1,0,0,0,538,40,2.9,0.2,255,20.4,0.75,0.085,5,0.5678,25,0.15,19,2,110,3.4,150,310,0,0,1,1,0,1,0,2
Phantom Lancer,0,1,0,0,0,582,44,4.1,0.22,327,21.6,1.05,0.09,4,0.4676,25,0.21,21,2.2,110,2.8,225,285,0,0,2,1,0,1,0,0
Phoenix,0,1,0,0,0,626,66,4.3,0.33,267,21.6,0.8,0.09,1,0.2505,25,0.16,23,3.3,100,1.5,525,280,0,0,2,0,1,1,1,1
Primal Beast,0,1,0,0,0,692,86,2.85,0.43,267,16.8,0.8,0.07,5,0.167,25,0.16,26,4.3,100,1,150,305,0,0,1,1,0,1,0,0
Puck,0,1,0,0,0,494,48,2.2,0.24,351,45.6,1.65,0.19,2,0.4175,25,0.23,17,2.4,100,2.5,550,290,0,0,2,0,1,1,0,1
Pudge,0,1,0,0,0,670,60,5,0.3,267,21.6,0.8,0.09,2,0.2338,25,0.16,25,3,100,1.4,175,280,0,0,2,1,0,1,0,0
Pugna,0,1,0,0,0,538,40,2.15,0.2,387,62.4,1.8,0.26,4,0.2171,25,0.26,19,2,100,1.3,630,330,0,0,2,0,1,1,0,0
Queen of Pain,0,1,0,0,0,560,48,2.25,0.24,375,40.8,1.25,0.17,4,0.4175,25,0.25,20,2.4,100,2.5,550,290,0,0,2,0,1,1,0,2
Razor,0,1,0,0,0,604,56,3.2,0.28,327,26.4,1.05,0.11,4,0.4676,25,0.21,22,2.8,100,2.8,475,280,0,0,1,0,1,1,0,0
Riki,0,1,0,0,0,516,40,4.3,0.2,243,15.6,0.7,0.065,5,0.4008,25,0.14,18,2,90,2.4,150,315,0,0,1,1,0,1,0,0
Ringmaster,0,1,0,0,0,582,42,2.3,0.21,375,36,1.25,0.15,3,0.2338,25,0.25,21,2.1,100,1.4,575,310,0,0,1,0,1,1,0,0
Rubick,0,1,0,0,0,582,40,2.35,0.2,363,44.4,1.7,0.185,5,0.4175,25,0.24,21,2,100,2.5,550,290,0,0,3,0,1,1,1,0
Sand King,0,1,0,0,0,604,46,2.45,0.23,279,24,0.85,0.1,4,0.334,25,0.17,22,2.3,110,2,150,290,0,0,2,1,0,1,1,0
Shadow Demon,0,1,0,0,0,626,52,2.55,0.26,339,43.2,1.1,0.18,3,0.3674,25,0.22,23,2.6,100,2.2,500,290,0,0,2,0,1,1,1,0
Shadow Fiend,0,1,0,0,0,538,54,2.15,0.27,291,26.4,1.2,0.11,5,0.5845,25,0.18,19,2.7,100,3.5,525,305,0,0,2,0,1,1,0,0
Shadow Shaman,0,1,0,0,0,626,46,3.3,0.23,351,42,1.15,0.175,5,0.2672,25,0.23,23,2.3,100,1.6,400,285,0,0,1,0,1,1,1,0
Silencer,0,1,0,0,0,538,44,2.15,0.22,375,34.8,1.25,0.145,4,0.3674,25,0.25,19,2.2,110,2.2,600,290,0,0,2,0,1,1,1,0
Skywrath Mage,0,1,0,0,0,582,40,2.35,0.2,375,49.2,1.5,0.205,0,0.1336,25,0.25,21,2,90,0.8,625,325,0,0,1,0,1,1,1,0
Slardar,0,1,0,0,0,582,72,2.6,0.36,255,18,0.75,0.075,5,0.3507,25,0.15,21,3.6,100,2.1,150,300,0,0,2,1,0,1,0,0
Slark,0,1,0,0,0,560,42,2.25,0.21,267,22.8,0.8,0.095,4,0.2505,25,0.16,20,2.1,120,1.5,150,300,0,0,1,1,0,1,0,0
Snapfire,0,1,0,0,0,582,70,2.85,0.35,327,26.4,1.05,0.11,4,0.3173,25,0.21,21,3.5,100,1.9,400,300,0,0,1,0,1,1,1,2
Sniper,0,1,0,0,0,538,40,2.15,0.2,255,31.2,0.75,0.13,5,0.5344,25,0.15,19,2,100,3.2,550,285,0,0,1,0,1,1,0,0
Spectre,0,1,0,0,0,582,50,3.1,0.25,267,20.4,0.8,0.085,4,0.3507,25,0.16,21,2.5,90,2.1,150,290,0,0,2,1,0,1,0,2
Spirit Breaker,0,1,0,0,0,736,66,4.05,0.33,243,21.6,1.2,0.09,4,0.2839,25,0.14,28,3.3,100,1.7,170,295,0,0,1,1,0,1,0,0
Storm Spirit,0,1,0,0,0,582,40,2.6,0.2,351,44.4,1.15,0.185,5,0.4342,25,0.23,21,2,115,2.6,480,285,0,0,2,0,1,1,0,0
Sven,0,1,0,0,0,626,70,3.05,0.35,267,18,0.8,0.075,3,0.3674,25,0.16,23,3.5,110,2.2,150,325,0,0,1,1,0,1,0,0
Techies,0,1,0,0,0,538,52,2.9,0.26,375,33.6,2.25,0.14,4,0.3006,25,0.25,19,2.6,90,1.8,600,310,0,0,2,0,1,1,0,99
Templar Assassin,0,1,0,0,0,582,48,3.1,0.24,315,24,1,0.1,4,0.5344,25,0.2,21,2.4,100,3.2,250,310,0,0,2,0,1,1,0,2
Terrorblade,0,1,0,0,0,516,40,2.3,0.2,303,19.2,0.95,0.08,9,0.668,25,0.19,18,2,110,4,150,315,0,0,2,1,0,1,0,0
Tidehunter,0,1,0,0,0,714,70,2.95,0.35,315,20.4,1.5,0.085,3,0.2505,25,0.2,27,3.5,100,1.5,150,300,0,0,1,1,0,1,0,0
Timbersaw,0,1,0,0,0,692,70,2.85,0.35,351,32.4,1.65,0.135,3,0.2672,25,0.23,26,3.5,100,1.6,150,285,0,0,2,1,0,1,0,0
Tinker,0,1,0,0,0,538,46,2.15,0.23,435,39.6,2,0.165,5,0.2338,25,0.3,19,2.3,100,1.4,500,310,0,0,2,0,1,1,0,0
Tiny,0,1,0,0,0,780,80,5,0.4,279,26.4,0.85,0.11,0,0,25,0.17,30,4,90,0,150,275,0,0,2,1,0,1,0,0
Treant Protector,0,1,0,0,0,670,68,2.75,0.34,315,21.6,1.25,0.09,2,0.3006,25,0.2,25,3.4,100,1.8,150,280,0,0,2,1,0,1,1,0
Troll Warlord,0,1,0,0,0,582,50,2.35,0.25,231,12,0.65,0.05,3,0.5511,25,0.13,21,2.5,100,3.3,500,290,0,0,2,0,1,1,0,0
Tusk,0,1,0,0,0,626,78,3.3,0.39,291,20.4,1.4,0.085,5,0.3173,25,0.18,23,3.9,100,1.9,150,310,0,0,1,1,0,1,0,0
Underlord,0,1,0,0,0,670,60,2.75,0.3,279,27.6,0.85,0.115,5,0.2672,25,0.17,25,3,100,1.6,200,290,0,0,2,1,0,1,1,0
Undying,0,1,0,0,0,604,48,1.95,0.24,399,33.6,1.6,0.14,3,0.2004,25,0.27,22,2.4,100,1.2,150,300,0,0,1,1,0,1,1,0
Ursa,0,1,0,0,0,670,48,3,0.24,267,18,0.8,0.075,4,0.4676,25,0.16,25,2.4,100,2.8,150,310,0,0,1,1,0,1,0,0
Vengeful Spirit,0,1,0,0,0,560,52,2.25,0.26,303,18,0.95,0.075,4,0.5344,25,0.19,20,2.6,100,3.2,400,295,0,0,1,0,1,1,1,2
Venomancer,0,1,0,0,0,538,42,2.15,0.21,303,21.6,0.95,0.09,4,0.4676,25,0.19,19,2.1,115,2.8,450,280,0,0,1,0,1,1,1,0
Viper,0,1,0,0,0,582,48,2.35,0.24,279,24,0.85,0.1,2,0.4509,25,0.17,21,2.4,120,2.7,575,275,0,0,1,0,1,1,0,0
Visage,0,1,0,0,0,604,56,2.45,0.28,339,34.8,1.1,0.145,2,0.2171,25,0.22,22,2.8,110,1.3,600,285,0,0,3,0,1,1,1,0
Void Spirit,0,1,0,0,0,604,52,2.45,0.26,363,37.2,1.8,0.155,3,0.3674,25,0.24,22,2.6,100,2.2,200,290,0,0,2,1,0,1,0,0
Warlock,0,1,0,0,0,604,48,2.45,0.24,375,37.2,1.25,0.155,3,0.167,25,0.25,22,2.4,90,1,600,300,0,0,1,0,1,1,1,0
Weaver,0,1,0,0,0,472,40,2.85,0.2,315,24,1.5,0.1,4,0.5511,25,0.2,16,2,120,3.3,425,275,0,0,2,0,1,1,0,0
Windranger,0,1,0,0,0,516,52,2.05,0.26,291,38.4,1.15,0.16,3,0.3173,25,0.18,18,2.6,90,1.9,600,290,0,0,2,0,1,1,1,2
Winter Wyvern,0,1,0,0,0,604,50,2.45,0.25,387,43.2,1.55,0.18,4,0.2839,25,0.26,22,2.5,100,1.7,425,285,0,0,2,0,1,1,1,2
Witch Doctor,0,1,0,0,0,560,42,2.25,0.21,339,37.2,1.1,0.155,2,0.2338,25,0.22,20,2.1,100,1.4,550,300,0,0,1,0,1,1,1,0
Wraith King,0,1,0,0,0,604,56,2.7,0.28,267,19.2,0.8,0.08,4,0.2839,25,0.16,22,2.8,100,1.7,150,310,0,0,1,1,0,1,1,0
Zeus,0,1,0,0,0,538,42,2.15,0.21,351,39.6,1.15,0.165,4,0.2004,25,0.23,19,2.1,100,1.2,380,315,0,0,1,0,1,1,0,0
Aamon,0,0,1,0,0,2614,152,8.0,0.4429,500,100,4,0.2,19,3.3571,15,1.6429,115,10,1.06,0.0136,3,250,32000,599,5,1,0,1,0,0
Akai,0,0,1,0,0,2669,228,8.4,0.6,500,100,4,0.2,24,3.7143,15,4,115,5.64,1.06,0.02,2.1,260,32000,599,3,1,0,1,0,0
Aldous,0,0,1,0,0,2668,190,9.8,0.4857,500,100,4,0.2,21,4.4286,15,2.5,129,10.71,1.08,0.01,1.4,260,32000,599,6,1,0,1,0,0
Alice,0,0,1,0,0,2573,169.5,7.2,0.3,750,150,6,0.3,21,4.2143,15,2.5,114,5.5,1,0.01,4.7,240,15000,399,7,0,1,1,0,2
Alpha,0,0,1,0,0,2646,219,7.8,0.5143,500,100,6,0.2,25,3.5,15,1.6429,121,8.36,1.08,0.0314,1.8,250,32000,599,1,1,0,1,0,0
Alucard,0,0,1,0,0,2443,225,7.8,0.4429,0,0,0,0,21,4.6429,15,2.5,123,8.64,1.03,0.0293,1.8,260,15000,399,4,1,0,0,0,0
Angela,0,0,1,0,0,2300,136.14,6.8,0.3,500,100,4,0.2,15,3.8571,15,2.5,115,7.21,1.13,0.01,4.9,240,24000,499,5,0,1,1,1,2
Argus,0,0,1,0,0,2628,183,8.0,0.4,0,0,0,0,21,4,15,2.5,111,6,1.13,0.01,1.9,260,32000,599,6,1,0,0,0,0
Arlott,0,0,1,0,0,2628,200,8,0.4429,0,0,0,0,21,4.3571,15,2.5,120,10,1.06,0.01,2,260,32000,599,5,1,0,0,0,0
Atlas,0,0,1,0,0,2819,228,3,0.9857,500,100,4,0.2,21,3.5,15,1.6429,135,8.86,1.03,0.0079,2,240,32000,599,5,1,0,1,0,0
Aulus,0,0,1,0,0,2758,205,10.2,0.4571,500,100,4,0.2,24,3.5,15,1.6429,90,12.71,1.06,0.0143,1.9,255,32000,599,4,1,0,1,0,0
Aurora,0,0,1,0,0,2380,151.14,6.8,0.3,500,100,4,0.2,17,4,15,2.5,110,8.21,1.01,0.015,4.7,250,24000,499,1,0,1,1,0,2
Badang,0,0,1,0,0,2708,220,8,0.4143,0,0,0,0,23,4.5714,15,2.5,111,9.5,1.05,0.03,1.8,255,32000,599,1,1,0,0,0,0
Balmond,0,0,1,0,0,2736,246,9.4,0.6,0,0,0,0,25,4.6429,15,2.5,119,8.43,0.99,0.02,1.8,260,6500,299,1,1,0,0,0,0
Bane,0,0,1,0,0,2381,245,8.4,0.6,500,100,4,0.2,23,4.3571,15,2.5,117,10.86,1.00,0.02,1.8,260,6500,299,3,1,0,1,0,0
Barats,0,0,1,0,0,2350,243.93,8.8,0.6,500,100,4,0.2,18,4.4286,15,2.5,135,5.14,1.20,0.01,1.7,268,32000,599,4,1,0,1,0,0
Baxia,0,0,1,0,0,2769,193,8.4,0.6,500,100,4,0.2,23,3.5,15,1.6429,125,5.64,1.12,0.02,2,240,32000,599,2,1,0,1,0,0
Beatrix,0,0,1,0,0,2550,153.5,7.2,0.2,0,0,0,0,20,3.1429,15,1.6429,110,10,1.06,0.025,6.6,257,32000,599,7,0,1,0,0,2
Belerick,0,0,1,0,0,2569,225,8.4,0.6,500,100,4,0.2,15,2.7857,15,1.6429,110,7,0.91,0.0121,1.9,250,32000,599,1,1,0,1,0,0
Benedetta,0,0,1,0,0,2569,163,6.6,0.4429,500,100,4,0.2,18,3.9286,15,2.5,113,10.21,0.98,0.0214,1.9,255,32000,599,7,1,0,1,0,2
Brody,0,0,1,0,0,2288,164.93,7.2,0.2286,500,100,4,0.2,20,3.2857,15,1.6429,105,10,1.07,0.05,4.9,253,32000,599,5,0,1,1,0,0
Bruno,0,0,1,0,0,2522,142.5,6.0,0.2143,500,100,4,0.2,17,4.2143,15,2.5,140,14.5,1.04,0.02,4.5,240,15000,399,5,0,1,1,0,0
Carmilla,0,0,1,0,0,2528,227,7.8,0.4429,500,100,4,0.2,25,3.5714,15,1.6429,126,9.21,0.96,0.0321,1.6,255,32000,599,4,1,0,1,1,2
Cecilion,0,0,1,0,0,2456,142.5,6.8,0.3,700,140,5.6,0.2714,18,3.1429,15,1.6429,105,4.71,1.11,0.0079,5,255,32000,599,4,0,1,1,0,0
Chang'e,0,0,1,0,0,2301,133,6.8,0.3,500,100,4,0.2,16,2.7857,15,1.6429,115,7.64,1.02,0.01,4.7,240,32000,599,3,0,1,1,0,2
Chip,0,0,1,0,0,2690,192,8.4,0.6,500,100,4,0.2,20,4.2143,15,2.5,112,6.79,1.10,0.02,1.8,260,32000,599,6,1,1,1,1,0
Chou,0,0,1,0,0,2708,202,7.8,0.4429,0,0,0,0,23,4.5714,15,2.5,121,10.07,1.14,0.0271,1.4,260,24000,499,7,1,0,0,0,0
Cici,0,0,1,0,0,2431,192.71,6.0,0.5714,0,0,0,0,18,4,10,2.5,129,6.93,1.14,0.0193,3,260,32000,599,2,1,0,0,0,2
Claude,0,0,1,0,0,2370,127.5,8,0.2286,0,0,0,0,14,3,15,1.6429,97,7,1.07,0.015,4.2,240,32000,599,6,0,1,0,0,0
Clint,0,0,1,0,0,2530,152.79,7.2,0.2143,500,100,4,0.2,20,4.2143,15,2.5,115,14.5,1.03,0.0286,4.8,240,15000,399,7,0,1,1,0,0
Cyclops,0,0,1,0,0,2400,171.21,7.6,0.3143,500,100,4,0.2,18,4.1429,15,2.5,112,5.79,1.01,0.01,4.7,240,15000,399,6,0,1,1,0,0
Diggie,0,0,1,0,0,2468,122.5,7.2,0.3,500,100,4,0.2,20,2.8571,15,2.5,115,7.21,1.03,0.01,4.5,250,24000,499,5,0,1,1,1,0
Dyrroth,0,0,1,0,0,2758,215,8.2,0.4857,0,0,0,0,22,3.7857,15,1.6429,117,10.64,1.00,0.03,1.7,265,32000,599,4,1,0,0,0,0
Edith,0,0,1,0,0,2549,210,9.0,0.6,0,0,0,0,17,3.8571,15,2.5,110,5.71,1.00,0,4.5,255,32000,599,3,1,1,0,0,2
Esmeralda,0,0,1,0,0,2573,191.5,7.2,0.3,500,100,4,0.2,21,3.8571,15,2.1429,114,5.5,1.05,0.01,2.5,240,32000,599,6,1,0,1,0,2
Estes,0,0,1,0,0,2221,123.5,7.2,0.3,500,100,4,0.2,13,3.7143,15,2.5,120,7.21,1.00,0.01,4.7,240,24000,499,3,0,1,1,1,0
Eudora,0,0,1,0,0,2403,169.14,7.6,0.3143,500,100,4,0.2,19,4.1429,15,2.5,112,5.79,1.12,0.01,4.5,250,2000,399,1,0,1,1,0,2
Fanny,0,0,1,0,0,2426,141,6.6,0.4143,100,0,3,0,16,3.7143,15,2.5,126,10.21,1.00,0.0229,1.8,265,24000,499,10,1,0,0,0,2
Faramis,0,0,1,0,0,2543,168.5,6.8,0.2857,500,100,4,0.2,20,3.2857,15,1.6429,143,5.21,1.05,0.0079,3.8,245,32000,599,4,0,1,1,1,0
Floryn,0,0,1,0,0,2401,132.5,7.6,0.3,500,100,4,0.2,12,4,15,2.5,119,7.36,1.04,0.01,4.5,240,32000,599,1,0,1,1,1,2
Franco,0,0,1,0,0,2600,281,9.2,0.6714,500,100,4,0.2,25,4.8571,15,2.5,116,7.21,1.02,0.015,1.8,260,32000,749,2,1,0,1,0,0
Fredrinn,0,0,1,0,0,2709,240,6.4,0.6,0,0,0,0,20,4,15,1.6429,126,8.14,1.06,0.02,2,260,32000,599,4,1,0,0,0,0
Freya,0,0,1,0,0,2801,205,9.8,0.4571,0,0,0,0,22,4.3571,15,2.5,109,8.71,1.03,0.0386,1.5,260,32000,599,5,1,0,0,0,2
Gatotkaca,0,0,1,0,0,2629,210,8.4,0.6,0,0,0,0,10,3.4286,15,2.5,128,7.14,1.01,0.0164,1.4,260,32000,599,1,1,0,0,0,0
Gloo,0,0,1,0,0,2819,240,12.4,0.6,500,100,4,0.2,18,3.3571,15,2.5,120,6.43,1.09,0.0079,2,245,32000,599,7,1,0,1,0,0
Gord,0,0,1,0,0,2478,175,6.4,0.3,500,100,4,0.2,13,4,15,2.5,110,6.14,1.00,0.01,4.5,240,24000,499,2,0,1,1,0,0
Granger,0,0,1,0,0,2260,140,5.4,0.2,0,0,0,0,15,4,15,2.5,116,15,1.08,0.015,4.5,240,32000,599,4,0,1,0,0,0
Grock,0,0,1,0,0,2819,240,8.4,0.6,0,0,0,0,21,3.3571,15,1.6429,135,8.21,1.00,0.0121,1.7,260,32000,599,6,1,0,0,0,0
Guinevere,0,0,1,0,0,2350,209.71,7.8,0.4429,0,0,0,0,18,3.5714,15,1.6429,126,9.21,1.03,0.0321,4,260,32000,599,4,1,0,0,0,2
Gusion,0,0,1,0,0,2578,165,7.8,0.4429,500,100,4,0.2,18,3.5,15,1.6429,119,8.21,1.00,0.025,1.7,260,32000,599,8,1,0,1,0,0
Hanabi,0,0,1,0,0,2260,128.36,6.0,0.2143,500,100,4,0.2,17,4.0714,15,2.5,105,8,1.17,0.025,4.8,245,32000,599,1,0,1,1,0,2
Hanzo,0,0,1,0,0,2594,145,7.0,0.4429,100,0,0,0,17,4,15,2.5,108,11.43,0.99,0.02,1.8,260,32000,599,8,1,0,0,0,0
Harith,0,0,1,0,0,2401,163.5,7.2,0.3,500,100,4,0.2,19,4.2857,15,2.5,114,5.21,1.04,0.015,4.1,240,32000,599,5,0,1,1,0,0
Harley,0,0,1,0,0,2501,132.5,7.2,0.3,500,100,4,0.2,19,3.7857,15,2.5,114,6.21,1.13,0.015,4.5,240,32000,599,6,0,1,1,0,0
Hayabusa,0,0,1,0,0,2429,156.5,7.4,0.4429,100,0,4,0,17,4.1429,15,2.5,117,9.57,0.99,0.0171,1.8,260,32000,599,5,1,0,0,0,0
Helcurt,0,0,1,0,0,2599,161,7.0,0.4429,500,100,4,0.2,17,4,15,2.5,121,11,1.11,0.0207,1.8,255,32000,599,5,1,0,1,0,0
Hilda,0,0,1,0,0,2789,240,8.4,0.6286,0,0,0,0,24,7.1429,15,4,123,6.79,1,0.02,1.8,260,24000,499,4,1,0,0,0,2
Hylos,0,0,1,0,0,2709,360,18.4,1.6,500,100,4,0.2,17,3.8571,15,2.5,105,6.64,1.08,0.02,2.5,260,32000,599,3,1,0,1,0,0
Irithel,0,0,1,0,0,2540,142.64,7.0,0.2286,100,0,5,0,17,4.1429,15,2.5,118,11,1.04,0.015,4.9,260,32000,599,5,0,1,0,0,2
Ixia,0,0,1,0,0,2620,148.5,8.0,0.2143,500,100,4,0.2,17,4,15,2.5,100,7.5,1.06,0.02,5,240,32000,599,4,0,1,1,0,2
Jawhead,0,0,1,0,0,2658,223,7.8,0.5143,500,100,4,0.2,24,4.5714,15,2.5,119,8.21,1.01,0.0193,1.5,255,32000,599,5,1,0,1,0,1
Johnson,0,0,1,0,0,2809,235,8.4,0.6,0,0,0,0,27,4.9286,15,2.5,120,6.36,1.05,0.015,1.4,255,32000,599,5,1,0,0,1,0
Joy,0,0,1,0,0,2678,195,7.8,0.4429,0,0,0,0,20,4.1429,15,2.1429,119,9.71,1.00,0.0293,1.9,260,32000,599,9,1,0,0,0,2
Julian,0,0,1,0,0,2878,199,7.8,0.4571,500,100,4,0.2,24,3.5714,15,1.6429,128,9.21,1.04,0.0286,2.8,262,32000,599,2,1,0,1,0,0
Kadita,0,0,1,0,0,2370,165.79,7.2,0.3143,500,100,4,0.2,18,4,15,2.5,105,5.21,1.03,0.0171,4.5,240,32000,599,6,0,1,1,0,2
Kagura,0,0,1,0,0,2375,142.93,7.0,0.4143,500,100,4,0.2,19,2.9286,15,1.6429,118,8,1.00,0.01,4.5,240,32000,599,8,0,1,1,0,2
Kaja,0,0,1,0,0,2609,210,10.4,0.6,500,100,4,0.2,25,3.7857,15,2.1429,120,7,1.05,0.02,4,270,32000,599,7,1,0,1,1,0
Kalea,0,0,1,0,0,2500,225,7.8,0.6,0,0,0,0,18,4.5,15,2.5,126,9.21,1.01,0.02,1.4,260,32000,599,7,1,0,0,1,2
Karina,0,0,1,0,0,2633,187.79,7.8,0.4429,500,100,4,0.2,20,4.5,15,2.5,121,8.21,1.09,0.0293,1.8,260,32000,599,4,1,0,1,0,2
Karrie,0,0,1,0,0,2278,165,8,0.2143,500,100,4,0.2,17,4.2857,15,2.5,120,12.5,1.01,0.02,4.4,240,24000,499,4,0,1,1,0,2
Khaleed,0,0,1,0,0,2778,210,7,0.4429,0,0,0,0,23,4.5714,15,2.5,109,11.21,1.00,0.015,2,250,32000,599,5,1,0,0,0,0
Khufra,0,0,1,0,0,2779,240,9.4,0.6286,500,100,4,0.2,19,7.1429,15,4,117,6.21,1.05,0.0171,2,255,32000,599,5,1,1,1,0,0
Kimmy,0,0,1,0,0,2450,117.5,8,0.2286,0,0,0,0,22,3.3571,15,2.1429,90,9,1.05,0,5.3,245,32000,599,6,0,1,0,0,2
Lancelot,0,0,1,0,0,2549,147,7.0,0.4429,500,100,4,0.2,16,3.1429,15,1.6429,124,11.79,1.07,0.0186,1.7,260,32000,599,5,1,0,1,0,0
Lapu-Lapu,0,0,1,0,0,2628,213.29,7,0.4,0,0,0,0,21,3.5714,15,1.6429,119,8.21,1,0.02,1.8,260,32000,599,5,1,0,0,0,0
Layla,0,0,1,0,0,2250,151.36,5.4,0.2,500,100,4,0.2,15,4,15,2.5,125,7.5,0.98,0.0221,4.3,240,2000,299,1,0,1,1,0,2
Leomord,0,0,1,0,0,2908,202.86,7.0,0.4429,0,0,0,0,21,3.7857,15,1.6429,148,8.64,1.13,0.015,1.8,240,32000,599,6,1,0,0,0,0
Lesley,0,0,1,0,0,2280,140.5,7.2,0.2286,100,0,3,0,14,3.7857,15,2.1429,140,7,0.98,0.015,6,240,32000,599,4,0,1,0,0,2
Ling,0,0,1,0,0,2528,135,7.8,0.4429,100,0,4,0,18,4.5,15,2.5,125,8.21,1.02,0.0179,1.8,260,32000,599,7,1,0,0,0,0
Lolita,0,0,1,0,0,2451,168,9.6,0.6,500,100,4,0.2,20,3.6429,15,2.5,115,6.86,1.14,0.0129,1.8,260,32000,599,4,1,0,1,1,2
Lukas,0,0,1,0,0,2250,223.43,8.0,0.4429,0,0,0,0,21,4.4286,15,2.5,119,9.21,1,0.01,1.8,260,32000,599,4,1,0,0,0,0
Lunox,0,0,1,0,0,2500,159.64,6.8,0.3,500,100,4,0.2,15,2.6429,15,1.6429,115,6.21,1,0.01,5,240,32000,599,9,0,1,1,0,2
Luo Yi,0,0,1,0,0,2601,182.5,7.2,0.2857,500,100,4,0.2,20,3.8571,15,2.1429,107,6.14,1.08,0.0093,4.7,250,32000,599,5,0,1,1,0,2
Lylia,0,0,1,0,0,2501,134.5,6.8,0.3,500,100,4,0.2,17,3.1429,15,1.6429,113,6.71,1.01,0.0121,4.5,245,32000,599,5,1,0,1,0,2
Martis,0,0,1,0,0,2738,204,7,0.4,0,0,0,0,25,4.6429,15,2.5,128,8.71,1.14,0.025,1.8,260,32000,599,4,1,0,0,0,0
Masha,0,0,1,0,0,2043,165,3.8,0.4429,0,0,0,0,15,2.5,15,3.7143,91,9.71,1.01,0.035,1.6,250,32000,599,3,1,0,0,0,2
Mathilda,0,0,1,0,0,2651,188.5,6.8,0.2857,500,100,4,0.2,22,4.1429,15,2.5,120,6.71,1,0.005,4.1,252,32000,599,4,0,1,1,1,2
Melissa,0,0,1,0,0,2288,160,6.6,0.2143,500,100,4,0.2,18,4.2857,15,2.5,123,7,0.96,0.01,4.6,248,32000,599,4,0,1,1,0,2
Minotaur,0,0,1,0,0,2859,249,8.8,0.6,0,0,0,0,18,3.9286,10,2.5,123,5.14,0.98,0.0186,1.8,260,15000,399,4,1,0,0,1,0
Minsitthar,0,0,1,0,0,2698,198,7.4,0.4143,500,100,4,0.2,23,4.5714,15,2.5,121,9.21,1.14,0.0329,1.8,260,32000,599,4,1,0,1,0,0
Miya,0,0,1,0,0,2225,153,6.0,0.2143,500,100,4,0.2,17,4.0714,15,2.5,115,10,1,0.025,4.8,240,10800,399,1,0,1,1,0,2
Moskov,0,0,1,0,0,2255,143,6.4,0.2143,500,100,4,0.2,16,4.2143,15,2.5,125,12.5,1.14,0.0057,4.5,240,32000,599,5,0,1,1,0,0
Nana,0,0,1,0,0,2501,130,6.8,0.3,500,100,4,0.2,17,3,15,1.6429,115,7.29,0.98,0.025,4.7,250,6500,299,1,0,1,1,0,2
Natalia,0,0,1,0,0,2639,164,7.0,0.4429,0,0,0,0,18,4.0714,15,2.5,121,8.71,1,0.0136,2,260,32000,599,9,1,0,0,0,2
Natan,0,0,1,0,0,2285,159.86,6.0,0.2143,500,100,4,0.2,17,3.2857,15,1.6429,110,11,1.00,0.0093,4.6,245,32000,599,2,0,1,1,0,0
Nolan,0,0,1,0,0,2549,147,7.0,0.4429,100,0,5,0,16,4,15,2.5,124,11.79,0.99,0.0179,2,260,32000,599,6,1,0,0,0,0
Novaria,0,0,1,0,0,2401,130.5,6.8,0.3,500,100,4,0.2,12,3.1429,15,2.1429,115,6.21,1.11,0.01,5,240,32000,599,6,0,1,1,0,2
Odette,0,0,1,0,0,2491,142.14,6.8,0.3,500,100,4,0.2,18,3,15,1.6429,105,5.21,1.05,0.0171,4.7,240,32000,599,2,0,1,1,0,2
Paquito,0,0,1,0,0,2798,190,9.8,0.4429,0,0,0,0,22,3.7143,15,1.6429,121,10.07,1.01,0.0271,1.6,260,32000,599,8,1,0,0,0,0
Pharsa,0,0,1,0,0,2421,131,6.8,0.3,500,100,4,0.2,17,4,15,2.5,109,6.43,1.21,0.0093,4.7,240,32000,599,3,0,1,1,0,2
Phoveus,0,0,1,0,0,2828,205,10.8,0.4857,0,0,0,0,25,4.4286,15,2.5,132,7.71,0.98,0.0086,1.4,252,32000,599,4,1,0,0,0,0
Popol and Kupa,0,0,1,0,0,2425,140,6.0,0.2143,500,100,4,0.2,17,3.5714,15,2.5,95,7,1.00,0.01,4.5,250,32000,599,5,0,1,1,0,0
Rafaela,0,0,1,0,0,2320,139.14,7.2,0.3,500,100,4,0.2,15,3.9286,15,2.5,117,7.21,1.22,0.01,4.5,245,6500,299,2,0,1,1,1,2
Roger,0,0,1,0,0,2730,168.5,7.2,0.2143,500,100,4,0.2,22,4.2143,15,2.5,128,13.5,0.98,0.0143,4.1,240,24000,499,5,1,1,1,0,0
Ruby,0,0,1,0,0,2509,170,6.0,0.5714,500,100,6,0.2,18,4,10,2.5,129,6.93,1.07,0.0193,2,260,32000,599,4,1,0,1,0,2
Saber,0,0,1,0,0,2440,180,7,0.4429,500,100,4,0.2,20,4.0714,15,2.5,118,9.71,1.02,0.02,1.8,260,6500,299,1,1,0,1,0,0
Selena,0,0,1,0,0,2401,184.5,6.8,0.3,500,100,4,0.2,15,3.1429,15,1.6429,110,6.71,0.87,0.015,4.3,240,32000,599,7,1,1,1,0,2
Silvanna,0,0,1,0,0,2650,212,7.8,0.4429,500,100,4.0,0.2,22,4.5,15,2.5,126,9.21,0.92,0.03,1.8,255,32000,599,2,1,0,1,0,2
Sun,0,0,1,0,0,2758,220,8.2,0.5429,500,100,4,0.2,23,4.5,15,2.5,114,6.64,1.10,0.0307,1.8,260,32000,599,3,1,0,1,0,0
Suyou,0,0,1,0,0,2549,147,7.0,0.4429,0,0,0,0,16,4,15,2.9286,124,11.79,0.98,0.02,2.1,225,32000,599,7,1,0,0,0,0
Terizla,0,0,1,0,0,2728,215,10.8,0.4857,500,100,4,0.2,19,3.5714,15,1.6429,129,12.71,0.94,0,2.0,255,32000,599,2,1,0,1,0,0
Thamuz,0,0,1,0,0,2758,213,7.4,0.4,0,0,0,0,17,4.5,15,2.5,107,8.21,0.97,0.015,1.8,250,32000,599,4,1,0,0,0,0
Tigreal,0,0,1,0,0,2581,307,8.4,0.6,500,100,4,0.2,20,5.3571,15,4,112,6.79,1.07,0.02,1.8,260,6500,299,1,1,0,1,0,0
Uranus,0,0,1,0,0,2489,180,6.4,0.5714,500,100,4,0.2,14,2.3571,15,0.6429,115,7.29,0.94,0.0193,1.5,260,32000,599,3,1,0,1,0,0
Vale,0,0,1,0,0,2280,141.64,6.8,0.3,500,100,4.0,0.2,15,4,15,0,115,7.14,1,0.01,4.7,250,32000,599,2,0,1,1,0,0
Valentina,0,0,1,0,0,2701,187.5,7.2,0.3,500,100,4,0.2,21,3.8571,15,1.6429,115,6.43,0.99,0.0093,4.5,240,32000,599,8,0,1,1,0,2
Valir,0,0,1,0,0,2390,151.5,6.8,0.3,500,100,4,0.2,20,4.0714,15,2.5,105,4.71,1.06,0.01,4.7,245,32000,599,4,0,1,1,0,0
Vexana,0,0,1,0,0,2481,137.5,7.6,0.3,500,100,4,0.2,17,3.2857,15,1.6429,112,5.79,1.13,0.01,4.8,245,32000,599,1,0,1,1,0,2
Wanwan,0,0,1,0,0,2540,133.5,5.4,0.2,500,100,4,0.2,15,3.1429,15,1.6429,95,10.5,1.01,0.0121,4.4,245,32000,599,6,0,1,1,0,2
X.Borg,0,0,1,0,0,998,109,7.8,0.4143,0,0,0,0,25,4.6429,15,2.5,117,8.21,1.09,0.01,3,260,32000,599,4,1,0,1,0,0
Xavier,0,0,1,0,0,2616,142.5,6.8,0.3,500,100,4,0.2,15,3.1429,15,1.6429,111,6.21,1.05,0.0079,4.6,250,32000,599,3,0,1,1,0,0
Yi Sun-shin,0,0,1,0,0,2570,132.5,7.2,0.2286,500,100,4,0.2,22,3.3571,15,1.6429,100,8,1.09,0.01,4.6,250,32000,599,7,1,1,1,0,0
Yin,0,0,1,0,0,2578,190,9.8,0.4429,0,0,0,0,21,3.5714,15,1.6429,109,7.21,1.07,0.0271,1.6,252,32000,599,4,1,0,0,0,0
Yu Zhong,0,0,1,0,0,2698,195,11.8,0.4857,0,0,0,0,21,4.4286,15,2.5,129,11.71,1.03,0.0079,1.8,245,32000,599,7,1,0,0,0,0
Yve,0,0,1,0,0,2530,181.14,7.2,0.3,500,100,4,0.2,19,3.3571,15,1.6429,115,6.43,0.98,0.0093,4.7,255,32000,599,7,0,1,1,0,2
Zetian,0,0,1,0,0,2550,135,6.8,0.3,500,100,4.0,0.2,18,3.8571,15,2.5,0,0,1.08,0.01,5,240,32000,599,2,0,1,1,0,2
Zhask,0,0,1,0,0,2280,141.14,6.8,0.3,500,100,4,0.2,15,3.4286,15,2.5,107,7.21,1.00,0.01,4.5,240,32000,599,4,0,1,1,0,0
Zhuxin,0,0,1,0,0,2280,141.14,7.2,0.3,1200,0,9.6,0,20,3.5,15,2.5,115,6.43,1.14,0.01,4.7,245,32000,599,3,0,1,1,0,2
Zilong,0,0,1,0,0,2689,202,7.0,0.4,500,100,4,0.2,25,4.6429,15,2.5,123,6.64,0.90,0.0236,1.8,265,15000,399,1,1,0,1,0,0
Abathur,0,0,0,1,0,685,4,1.4257,4,0,0,0,0,0,0,0,0,26,4,1.43,0,1,4.8398,10000,750,3,1,0,0,1,0
Alarak,0,0,0,1,0,1950,4,4.0625,4,500,10,3,0.0975,0,0,0,0,160,4,1.2,0,1.5,4.8398,7000,625,2,1,0,1,0,0
Alexstrasza,0,0,0,1,0,1698,4,3.539,4,500,10,3,0.0975,0,0,0,0,73,4,1.00,0,5.5,4.8398,10000,750,1,0,1,1,1,2
Ana,0,0,0,1,0,1598,4,3.3281,4,500,10,3,0.0975,0,0,0,0,30,4,1.33,0,6.5,4.8398,10000,750,2,0,1,1,1,2
Anduin,0,0,0,1,0,1665,4,3.4687,4,500,10,3,0.0975,0,0,0,0,85,4,1.00,0,5.5,4.8398,10000,750,1,0,1,1,1,0
Anub'arak,0,0,0,1,0,2150,4,4.4804,4,500,10,3,0.0975,0,0,0,0,81,4,1,0,1.5,4.8398,4000,500,1,1,0,1,0,0
Artanis,0,0,0,1,0,2490,4,5.1875,4,500,10,3,0.0975,0,0,0,0,111,4,1,0,1.25,4.8398,7000,625,2,1,0,1,0,0
Arthas,0,0,0,1,0,2980,4,6.208,4,500,10,1.5,0.0975,0,0,0,0,95,4,1,0,2,4.8398,7000,625,1,1,0,1,0,0
Auriel,0,0,0,1,0,1700,4,3.539,4,0,0,0,0,0,0,0,0,64,4,1.25,0,5.5,4.8398,10000,750,1,0,1,0,1,2
Azmodan,0,0,0,1,0,2464,4,5.1328,4,500,10,1,0.0975,0,0,0,0,85,4,1,0,5.5,4.8398,2000,300,1,0,1,1,0,0
Baleog - The Lost Vikings,0,0,0,1,0,1130,0,2.3554,0,0,0,0,0,0,0,0,0,75,0,1,0,4,4.8398,10000,750,2,0,1,0,1,0
Blaze,0,0,0,1,0,2900,4,6.04,4,500,10,3,0.0975,0,0,0,0,60,4,1.00,0,4.5,4.8398,10000,750,1,0,1,1,0,0
Brightwing,0,0,0,1,0,1425,4,2.9687,4,500,10,3,0.0975,0,0,0,0,81,4,1.11,0,5.5,4.8398,7000,625,2,0,1,1,1,2
Cassia,0,0,0,1,0,1660,4,3.46,4,500,10,3,0.0975,0,0,0,0,125,4,1.11,0,4.5,4.8398,10000,750,1,0,1,1,0,0
Chen,0,0,0,1,0,2473,4,5.1523,4,0,0,0,0,0,0,0,0,90,4,1.11,0,2,4.8398,4000,500,1,1,0,0,0,0
Cho'gall,0,0,0,1,0,2950,4.5,6.1445,4.5,0,0,0,0,25,0,25,0,130,4.5,0.91,0,2,4.8398,10000,750,1,1,1,0,0,0
Chromie,0,0,0,1,0,1390,4,2.8984,4,500,10,3,0.0975,0,0,0,0,82,4,1.0,0,7,4.8398,10000,750,2,0,1,1,0,2
D.Va (Mech),0,0,0,1,0,2150,4,4.4792,4,0,0,0,0,0,0,0,0,22,4,4,0,3.75,4.8398,7000,625,1,0,1,0,0,2
D.Va (Pilot),0,0,0,1,0,1109,4,2.5664,4,0,0,2.2,0,0,0,0,0,55,4,4,0,5.5,4.8398,7000,625,1,0,1,0,0,2
Deathwing,0,0,0,1,0,2750,4,5.7292,4,0,0,5,0,40,0,40,0,155,4,0.67,0,2.5,4.8398,15000,1000,2,1,0,0,0,0
Deckard,0,0,0,1,0,1780,4,3.7083,4,500,10,3,0.0975,0,0,0,0,63,4,0.91,0,1.5,4.8398,10000,750,1,1,0,1,1,0
Dehaka,0,0,0,1,0,2358,4,4.9687,4,500,10,3,0.0975,0,0,0,0,95,4,1.25,0,1.00,4.8398,10000,750,2,1,0,1,0,0
Diablo,0,0,0,1,0,2825,4,5.5625,4,500,10,3,0.0975,0,0,0,0,105,4,0.95,0,1.25,4.8398,2000,300,1,1,0,1,0,0
E.T.C.,0,0,0,1,0,2280,4,4.75,4,500,10,3,0.0975,0,0,0,0,99,4,1.25,0,1.5,4.8398,2000,300,1,1,0,1,0,0
Erik - The Lost Vikings,0,0,0,1,0,804,0,1.6757,0,0,0,0,0,0,0,0,0,62,0,2,0,6.5,5.5664,10000,750,2,0,1,0,1,0
Falstad,0,0,0,1,0,1365,4,2.8437,4,500,10,3,0.0975,0,0,0,0,104,4,1.43,0,5.5,4.8398,7000,625,1,0,1,1,0,0
Fenix,0,0,0,1,0,1140,4,2.379,4,0,0,0,0,0,0,0,0,83,4,0.74,0,5.0,4.8398,10000,750,1,0,1,0,0,0
Garrosh,0,0,0,1,0,2060,4,4.293,4,500,10,3,0.0975,0,0,0,0,137,4,0.83,0,1.2,4.8398,10000,750,1,1,0,1,0,0
Gazlowe,0,0,0,1,0,2275,4,4.74,4,0,0,2,0.0975,12.5,0,12.5,0,100,4,1.25,0,1.25,4.8398,2000,300,1,1,0,0,0,0
Genji,0,0,0,1,0,1675,4,3.4882,4,500,10,3,0.0975,0,0,0,0,44,4,1.00,0,4.5,4.8398,10000,750,2,0,1,1,0,0
Greymane,0,0,0,1,0,1876,4.5,3.9062,4.5,500,10,3,0.0975,5,0,5,0,148,4,1,0,5.5,4.8398,7000,625,2,0,1,1,0,0
Gul'dan,0,0,0,1,0,1700,4,3.543,4,500,10,0,0,0,0,0,0,60,4,1,0,5.5,4.8398,7000,625,1,0,1,1,0,0
Hanzo,0,0,0,1,0,1375,4,2.8632,4,500,10,3,0.0975,0,0,0,0,198,4,0.67,0,6.5,4.8398,10000,750,0,0,1,1,0,0
Hogger,0,0,0,1,0,2260,4,4.711,4,0,0,3,0.0975,0,0,0,0,150,4,0.73,0,2,4.8398,10000,750,1,1,0,0,0,0
Illidan,0,0,0,1,0,1725,4,3.5898,4,0,0,0,0,0,0,0,0,78,4,1.82,0,1.2,4.8398,4000,500,1,1,0,0,0,0
Imperius,0,0,0,1,0,2375,4,4.95,4,500,10,3,0.0975,0,0,0,0,126,4,0.83,0,2.0,4.8398,10000,750,1,1,0,1,0,0
Jaina,0,0,0,1,0,1365,4,2.8437,4,500,10,3,0.0975,0,0,0,0,60,4,1,0,5.5,4.8398,4000,500,1,0,1,1,0,2
Johanna,0,0,0,1,0,2625,4,5.4687,4,500,10,3,0.0975,0,0,0,0,99,4,0.91,0,1.5,4.8398,4000,500,1,1,0,1,0,2
Junkrat,0,0,0,1,0,1425,4,2.9687,4,0,0,0,0,0,0,0,0,120,4,1.00,0,5.5,4.8398,10000,750,1,0,1,0,0,0
Kael'thas,0,0,0,1,0,1595,4,3.3164,4,500,10,3,0.0975,0,0,0,0,65,4,1.11,0,5.5,4.8398,7000,625,2,0,1,1,0,0
Kel'Thuzad,0,0,0,1,0,1490,4,3.0976,4,500,10,3,0.0975,0,0,0,0,72,4,1.0,0,5.5,4.8398,10000,750,2,0,1,1,0,0
Kerrigan,0,0,0,1,0,1764,4,3.6757,4,500,10,3,0.0975,0,0,0,0,115,4,1.25,0,2,4.8398,4000,500,2,1,0,1,0,0
Kharazim,0,0,0,1,0,2080,4,4.2226,4,500,10,3,0.0975,0,0,0,0,64,4,2,0,1.75,4.8398,7000,625,1,1,0,1,1,0
Leoric,0,0,0,1,0,2550,4,5.3125,4,500,10,3,0.0975,0,0,0,0,115,4,0.77,0,2,4.8398,7000,625,0,1,0,1,0,0
Li Li,0,0,0,1,0,1500,4,3.125,4,500,10,3,0.0975,0,0,0,0,60,4,1.25,0,5.5,4.8398,2000,300,0,0,1,1,1,2
Li-Ming,0,0,0,1,0,1270,4,2.6458,4,500,10,3,0.0975,0,0,0,0,63,4,1.00,0,5.5,4.8398,7000,625,1,0,1,1,0,2
Lt. Morales,0,0,0,1,0,1560,4,3.25,4,0,0,0,0,0,0,0,0,83,4,1,0,5.5,4.8398,7000,625,1,0,1,0,1,2
Lunara,0,0,0,1,0,1430,4,2.9804,4,500,10,3,0.0975,0,0,0,0,90,4,0.8,0,5.5,4.8398,7000,625,1,0,1,1,0,2
Lcio,0,0,0,1,0,1442,4,3,4,500,10,3,0.0975,0,0,0,0,23,4,1.11,0,5.5,4.8398,10000,750,1,0,1,1,1,0
Maiev,0,0,0,1,0,2021,4,4.211,4,500,10,3,0.0975,0,0,0,0,145,4,1.11,0,1.5,4.8398,10000,750,2,1,0,1,0,2
Mal'Ganis,0,0,0,1,0,2600,4,5.414,4,500,10,3,0.0975,0,0,0,0,96,4,0.91,0,1.3,4.8398,10000,750,1,1,0,1,0,0
Malfurion,0,0,0,1,0,1525,4,3.1796,4,500,10,3,0.0975,0,0,0,0,60,4,1.11,0,5.5,4.8398,2000,300,0,0,1,1,1,0
Malthael,0,0,0,1,0,1962,4,4.086,4,500,10,3,0.0975,0,0,0,0,82,4,0.91,0,1.5,4.8398,10000,750,1,1,0,1,0,0
Medivh,0,0,0,1,0,1470,4.5,3.0625,4.5,500,10,3,0.0975,0,0,0,0,80,4,1.11,0,5.5,4.8398,10000,750,3,0,1,1,1,0
Mei,0,0,0,1,0,2625,4,5.5703,4,500,10,3,0.0975,0,0,0,0,78,4,1.0,0,4.5,4.8398,10000,750,1,0,1,1,0,2
Mephisto,0,0,0,1,0,1968,4,4.1015,4,500,10,3,0.0975,0,0,0,0,66,4,1,0,4.5,4.8398,10000,750,1,0,1,1,0,0
Muradin,0,0,0,1,0,2765,4,5.7617,4,500,10,3,0.0975,0,0,0,0,88,4,1.11,0,1,4.8398,4000,500,0,1,0,1,0,0
Murky,0,0,0,1,0,730,4,29.1992,4,0,0,0,0,0,0,0,0,60,4,1.25,0,1.2,4.8398,7000,625,2,1,0,0,0,0
Nazeebo,0,0,0,1,0,1502,4,3.129,4,500,10,2,0.0975,0,0,0,0,88,4,1.11,0,5.5,4.8398,4000,500,1,0,1,1,0,0
Nova,0,0,0,1,0,1300,4,2.711,4,500,10,3,0.0975,0,0,0,0,105,4,1,0,6.5,4.8398,7000,625,1,0,1,1,0,2
Olaf - The Lost Vikings,0,0,0,1,0,1482,0,3.086,0,0,0,0,0,0,0,0,0,54,0,1,0,"1,2",4.8398,10000,750,2,1,0,0,1,0
Orphea,0,0,0,1,0,1525,4,3.1757,4,500,10,3,0.0975,0,0,0,0,88,4,1.2,0,5.5,4.8398,10000,750,1,0,1,1,0,2
Probius,0,0,0,1,0,1260,4,2.625,4,600,10,33,0,0,0,0,0,33,4,1.11,0,3.0,4.8398,10000,750,2,0,1,1,0,0
Qhira,0,0,0,1,0,2000,4,4.168,4,500,10,3,0.0975,0,0,0,0,100,4,1.0,0,2.25,4.8398,10000,750,1,1,0,1,0,2
Ragnaros,0,0,0,1,0,2075,4,4.3242,4,500,10,1.5,0.0975,0,0,0,0,180,4,0.83,0,2.0,4.8398,7000,625,1,1,0,1,0,0
Raynor,0,0,0,1,0,1450,4,3.0195,4,500,10,1.5,0.0975,0,0,0,0,98,4,1.25,0,6.5,4.8398,2000,300,0,0,1,1,0,0
Rehgar,0,0,0,1,0,1900,4,3.957,4,500,10,3,0.0975,0,0,0,0,110,4,1.11,0,1.5,4.8398,7000,625,1,1,0,1,1,0
Rexxar,0,0,0,1,0,1810,4,3.7695,4,500,10,1.5,0.0975,0,0,0,0,134,4,0.87,0,5.5,4.8398,4000,500,2,0,1,1,0,0
Samuro,0,0,0,1,0,1725,4,3.5898,4,0,0,0,0,0,0,0,0,102,4,1.67,0,2.0,4.8398,10000,750,2,1,0,0,0,0
Sgt. Hammer,0,0,0,1,0,1720,4,3.582,4,500,10,3,0.0975,0,0,0,0,140,4,1,0,5.5,4.8398,7000,625,2,0,1,1,0,2
Sonya,0,0,0,1,0,2450,4,5.1054,4,0,0,0,0,0,0,0,0,84,4,1.25,0,1.5,4.8398,4000,500,1,1,0,0,0,0
Stitches,0,0,0,1,0,3020,4,6.293,4,500,10,3,0.0975,0,0,0,0,71,4,0.91,0,1.5,4.8398,7000,625,1,1,0,1,0,0
Stukov,0,0,0,1,0,1835,4,3.8242,4,500,10,3,0.0975,0,0,0,0,261,4,0.67,0,1.5,4.8398,10000,750,1,1,0,1,1,0
Sylvanas,0,0,0,1,0,1650,4,3.4414,4,500,10,3,0.0975,0,0,0,0,81,4,1.67,0,5.5,4.8398,7000,625,1,0,1,1,0,2
Tassadar,0,0,0,1,0,1650,4,3.4375,4,500,10,1.5,0.0975,0,0,0,0,14,4,4.00,0,6.5,4.8398,4000,500,1,0,1,1,0,0
The Butcher,0,0,0,1,0,2154,4.5,4.4882,4.5,500,10,3,0.0975,0,0,0,0,130,4,1.11,0,1.5,4.8398,7000,625,1,1,0,1,0,0
Thrall,0,0,0,1,0,1946,4,4.0546,4,500,10,3,0.0975,0,0,0,0,173,4,0.91,0,1.5,4.8398,4000,500,1,1,0,1,0,0
Tracer,0,0,0,1,0,1330,4,2.707,4,0,0,0,0,0,0,0,0,23,4,8.0,0,5.0,4.8398,10000,750,2,0,1,0,0,2
Tychus,0,0,0,1,0,1925,4,4.0117,4,500,10,3,0.0975,25,0,25,0,50,4,4.00,0,4.5,4.8398,4000,500,1,0,1,1,0,0
Tyrael,0,0,0,1,0,2517,4,5.2382,4,500,10,3,0.0975,0,0,0,0,82,4,1.25,0,1.5,4.8398,4000,500,1,1,0,1,0,0
Tyrande,0,0,0,1,0,1511,4,3.1484,4,500,10,3,0.0975,0,0,0,0,55,4,1.33,0,6,4.8398,4000,500,1,0,1,1,1,2
Uther,0,0,0,1,0,1975,4,4.1093,4,500,10,3,0.0975,0,0,0,0,75,4,1,0,1,4.8398,4000,500,0,1,0,1,1,0
Valeera,0,0,0,1,0,2047,4,4.2656,4,0,0,10,0,0,0,0,0,79,4,2.00,0,1.25,4.8398,10000,750,2,1,0,0,0,2
Valla,0,0,0,1,0,1340,4,2.7930,4,500,10,3,0.0975,0,0,0,0,70,4,1.67,0,5.5,4.8398,2000,300,0,0,1,1,0,2
Varian,0,0,0,1,0,2220,4,4.625,4,500,10,3,0.0975,0,0,0,0,74,4,1.25,0,1.25,4.8398,10000,750,1,1,0,1,0,0
Whitemane,0,0,0,1,0,1400,4,2.9218,4,500,10,3,0.0975,0,0,0,0,62,4,1.0,0,5.5,4.8398,10000,750,1,0,1,1,1,0
Xul,0,0,0,1,0,2080,4,4.333,4,500,10,1,0.0975,0,0,0,0,95,4,1.2,0,1.5,4.8398,10000,750,1,1,0,1,0,0
Yrel,0,0,0,1,0,2678,4,5.418,4,500,10,3,0.0975,0,0,0,0,155,4,0.77,0,1.5,4.8398,10000,750,1,1,0,1,0,2
Zagara,0,0,0,1,0,1550,4,3.2304,4,500,10,0.75,0.0975,0,0,0,0,83,4,1.25,0,6.6,4.8398,4000,500,1,0,1,1,0,2
Zarya,0,0,0,1,0,2292,4,4.7734,4,0,0,0,0,0,0,0,0,20,4,4.00,0,4.5,4.8398,7000,625,1,0,1,0,1,2
Zeratul,0,0,0,1,0,1622,4,3.379,4,500,10,3,0.0975,0,0,0,0,126,4,1.11,0,1.5,4.8398,10000,750,2,1,0,1,0,0
Zul'jin,0,0,0,1,0,1875,4,3.9023,4,500,10,3,0.0975,0,0,0,0,96,4,1.25,0,5.5,4.8398,10000,750,1,0,1,1,0,0
Achilles,0,0,0,0,1,475,85,9,0.75,205,35,4.7,0.39,17,3,24,1.3,38,2,0.95,1.25,16,370,5500,200,1,1,0,1,0,0
Agni,0,0,0,0,1,360,71,7,0.47,255,45,4.7,0.37,11,2.6,23,1.3,34,1.5,1,1.2,55,355,1250,200,3,0,1,1,0,0
Ah Muzen Cab,0,0,0,0,1,450,78,7,0.71,230,40,4.4,0.38,12,3,23,1.3,33,2.5,0.95,1.7,55,365,5500,200,1,0,1,1,0,0
Ah Puch,0,0,0,0,1,450,75,6,0.45,265,55,4.9,0.42,13,2.7,23,1.3,35,1.5,0.86,0.95,55,365,5500,200,1,0,1,1,0,0
Amaterasu,0,0,0,0,1,480,85,8,0.8,220,35,4.8,0.4,18,3,24,1.3,39,2.2,1,1.4,12,375,5500,200,1,1,0,1,0,2
Anhur,0,0,0,0,1,460,78,8,0.69,220,35,4.5,0.32,11,2.8,23,1.3,35,2.5,1,1.7,55,365,5500,200,1,0,1,1,0,0
Anubis,0,0,0,0,1,420,72,7,0.45,280,58,4.8,0.36,10,2.5,23,1.3,35,1.5,0.86,0.99,55,360,5500,200,0,0,1,1,0,0
Ao Kuang,0,0,0,0,1,400,82,10,0.7,240,38,4.8,0.41,12,3,23,1.3,35,2.4,1,1.95,12,375,5500,200,3,1,0,1,0,0
Aphrodite,0,0,0,0,1,380,68,6,0.45,240,43,4.8,0.41,9,2.7,23,1.3,32,1.45,0.87,0.95,55,355,5500,200,3,0,1,1,1,2
Apollo,0,0,0,0,1,450,77,8,0.69,225,40,4.6,0.4,12,2.7,23,1.3,35,2.6,0.95,1.7,55,365,5500,200,0,0,1,1,0,0
Arachne,0,0,0,0,1,445,79,9,0.67,210,41,4.8,0.46,13,3,23,1.3,38,2.2,1,2,12,375,5500,200,1,1,0,1,0,2
Ares,0,0,0,0,1,485,90,8,0.67,200,37,4.6,0.42,20,3,27,1.3,40,4,0.9,1.25,12,365,5500,200,0,1,0,1,1,0
Artemis,0,0,0,0,1,480,78,8,0.68,205,34,4.4,0.25,12,3,23,1.3,30,2.5,0.95,1.7,55,365,575,200,1,0,1,1,0,2
Artio,0,0,0,0,1,500,95,8,0.9,210,39,4.6,0.43,20,3.2,27,1.3,38,1.8,1,1.2,12,365,5500,200,1,1,0,1,1,2
Athena,0,0,0,0,1,500,100,8,0.8,190,34,4.6,0.42,20,3.2,27,1.3,35,1.5,1,1.2,12,365,5500,200,0,1,0,1,1,2
Atlas,0,0,0,0,1,510,100,8,0.8,190,35,5,0.4,20,3.4,27,1.3,37,1.5,0.95,1.2,16,370,5500,200,0,1,0,1,1,0
Awilix,0,0,0,0,1,475,77,10,0.68,240,38,3.9,0.46,13,3,23,1.3,38,2.16,1,1.89,16,370,5500,200,3,1,0,1,0,2
Baba Yaga,0,0,0,0,1,400,73,8,0.5,280,50,5,0.6,11,2.7,23,1.3,35,1.5,0.95,1,55,365,5500,200,1,0,1,1,0,2
Bacchus,0,0,0,0,1,495,86,8,0.8,200,40,4.8,0.4,19,3,27,1.3,37,1.5,0.88,1,12,365,0,0,1,1,0,1,1,0
Bakasura,0,0,0,0,1,455,78,9,0.68,200,39,4.8,0.46,13,2.8,23,1.3,38,2.2,1,1.6,12,370,5500,200,0,1,0,1,0,0
Bake Kujira,0,0,0,0,1,500,100,7,0.8,200,38,4.6,0.42,21,3.2,27,1.3,18,1.8,1.25,0,14,370,5500,200,1,1,0,1,1,0
Baron Samedi,0,0,0,0,1,429,80,7,0.6,300,44,5,0.45,18,2.6,23,1.3,34,1.5,0.9,0.8,55,360,5500,200,3,0,1,1,0,0
Bastet,0,0,0,0,1,415,80,9,0.72,230,39,4.4,0.25,12,2.9,24,1.3,37,2.21,1,1.98,12,375,5500,200,0,1,0,1,0,2
Bellona,0,0,0,0,1,490,93,8,0.8,220,35,4.8,0.4,18,3,24,1.3,36,2,1,1.2,12,375,0,0,1,1,0,1,0,2
Cabrakan,0,0,0,0,1,490,90,8,0.75,200,38,8,0.8,23,3.5,27,1.3,40,3,0.9,1.2,12,365,5500,200,1,1,0,1,1,0
Camazotz,0,0,0,0,1,440,78,8,0.67,240,35,4.4,0.3,11,3,23,1.3,39,2.3,1,2,12,375,5500,200,1,1,0,1,0,0
Cerberus,0,0,0,0,1,490,95,7,0.75,200,35,4.6,0.4,19,3,27,1.3,38,1.5,1,1,12,360,5500,200,0,1,0,1,1,0
Cernunnos,0,0,0,0,1,480,80,8,0.69,220,37,4.5,0.32,13,2.9,23,1.3,32,2.5,1,1.4,55,365,5500,200,1,0,1,1,0,0
Chaac,0,0,0,0,1,490,88,7,0.8,205,35,4.7,0.39,18,3,24,1.3,39,2.1,1,1.2,12,375,0,0,1,1,0,1,0,0
Chang%27e,0,0,0,0,1,464,84,6,0.45,310,48,5.5,0.44,11,2.7,23,1.3,32,1.45,1,0.95,55,355,5500,200,1,0,1,1,0,2
Charon,0,0,0,0,1,490,89,6,0.75,210,38,4.6,0.42,19,3,27,1.3,36,1.5,1,1.2,55,370,5500,200,1,0,1,1,1,0
Charybdis,0,0,0,0,1,440,77,7,0.69,220,38,4.4,0.38,11,2.9,23,1.3,33,2.6,0.95,1.6,55,365,5500,200,1,0,1,1,0,0
Chernobog,0,0,0,0,1,450,80,8,0.67,220,38,4.4,0.35,11,3,23,1.3,31,2.6,0.95,1.7,55,365,5500,200,3,0,1,1,0,0
Chiron,0,0,0,0,1,460,75,6,0.65,225,40,4.4,0.38,12,2.8,23,1.3,32,2.35,1,1.4,55,380,5500,200,0,0,1,1,0,0
Chronos,0,0,0,0,1,425,75,7,0.48,240,42,4.4,0.44,13,2.9,23,1.3,40,1.5,1.05,1.5,55,360,5500,200,3,0,1,1,0,0
Cliodhna,0,0,0,0,1,475,77,9,0.85,225,40,4.3,0.4,12,3.1,23,1.3,41,2.25,1,2.16,12,375,5500,200,1,1,0,1,0,2
Cthulhu,0,0,0,0,1,500,95,8,0.8,210,38,4.6,0.42,20,3.2,27,1.3,38,1.5,0.9,1.2,16,370,5500,200,1,1,0,1,1,0
Cu Chulainn,0,0,0,0,1,480,85,7,0.75,100,0,0,0,17,3,24,1.3,39,2,1,1.25,16,370,5500,200,1,1,0,1,0,0
Cupid,0,0,0,0,1,445,72,8,0.67,230,39,4.6,0.35,11,3,23,1.3,35,2.5,0.95,1.8,55,365,1500,200,0,0,1,1,0,0
Da Ji,0,0,0,0,1,450,76,9,0.7,210,40,4.6,0.37,14,3,23,1.3,39,2.25,1,2,12,375,5500,200,1,1,0,1,0,2
Danzaburou,0,0,0,0,1,460,78,7,0.69,230,38,4.4,0.38,13,2.9,23,1.3,35,2.6,1,1.4,55,370,5500,200,1,0,1,1,0,0
Discordia,0,0,0,0,1,370,68,7,0.45,280,51,5,0.43,9,2.7,23,1.3,34,1.5,0.9,1,55,360,5500,200,1,0,1,1,0,2
Erlang Shen,0,0,0,0,1,475,82,8,0.6,220,35,4.7,0.3,17,3,24,1.3,39,2,1,1,12,375,5500,200,1,1,0,1,0,0
Eset,0,0,0,0,1,380,72,6,0.45,280,51,4.8,0.43,9,2.7,23,1.3,35,1.5,1,0,55,360,5500,200,1,0,1,1,0,2
Fafnir,0,0,0,0,1,495,90,7,0.54,200,40,4.5,0.45,21,3.4,27,1.3,37,1.55,0.9,1.2,12,365,5500,200,1,1,0,1,1,0
Fenrir,0,0,0,0,1,455,78,8,0.73,230,35,4.2,0.26,14,3,23,1.3,38,2.3,1,1.7,12,370,5500,200,1,1,0,1,0,0
Freya,0,0,0,0,1,436,80,7,0.52,220,37,4.5,0.39,14,2.8,23,1.3,35,1.5,1,1.95,12,370,5500,200,1,1,0,1,0,2
Ganesha,0,0,0,0,1,495,95,6,0.67,200,40,4.6,0.42,20,3.2,27,1.3,38,1.55,1,1.2,12,360,5500,200,1,1,0,1,1,0
Geb,0,0,0,0,1,510,90,8,0.8,190,34,4.6,0.4,19,3,27,1.3,38,1.5,1,1.2,12,360,5500,200,1,1,0,1,1,0
Gilgamesh,0,0,0,0,1,480,85,10,0.8,210,35,4.3,0.39,18,3,24,1.3,39,2.3,1,1.25,12,375,5500,200,1,1,0,1,0,0
Guan Yu,0,0,0,0,1,480,87,6,0.7,220,39,4.8,0.45,17,3,24,1.3,37,2,1,1.2,12,375,5500,200,1,1,0,1,1,0
Hachiman,0,0,0,0,1,455,77,7,0.69,230,36,4.5,0.37,11,2.8,23,1.3,31,2.5,1,1.3,55,365,5500,200,0,0,1,1,0,0
Hades,0,0,0,0,1,475,85,5,0.54,265,53,5,0.36,18,2.6,23,1.3,32,1.5,0.95,1.05,55,365,2000,200,0,0,1,1,0,0
He Bo,0,0,0,0,1,425,75,6,0.45,298,56,4.9,0.4,9,2.6,23,1.3,34,1.45,0.86,0.9,55,360,5500,200,0,0,1,1,0,0
Heimdallr,0,0,0,0,1,480,80,8,0.8,230,34,4.5,0.4,16,3,23,1.3,30,3,0.96,1.5,56.5,365,5500,200,3,0,1,1,0,0
Hel,0,0,0,0,1,477,67,5.43,0.43,360,60,5.45,0.45,12,2.6,25,1.3,35,1.5,0.87,0.9,55,355,5500,200,3,0,1,1,0,2
Hera,0,0,0,0,1,380,68,6,0.45,265,45,4.8,0.41,10,2.7,24,1.3,34,1.45,0.9,1,55,365,5500,200,1,0,1,1,0,2
Hercules,0,0,0,0,1,490,89,7,0.63,205,32,4.3,0.4,18,3,24,1.3,39,2,1,1,12,375,5500,200,0,1,0,1,0,0
Horus,0,0,0,0,1,498,95,6,0.8,230,37,4.7,0.45,17,3,24,1.3,37,2.1,1,1.2,12,370,5500,200,1,1,0,1,1,0
Hou Yi,0,0,0,0,1,480,78,8,0.68,240,38,5,0.35,13,3,23,1.3,35,2.8,0.95,1.4,55,370,5500,200,3,0,1,1,0,0
Hun Batz,0,0,0,0,1,460,75,10,0.68,220,38,4.4,0.38,13,3,23,1.3,38,2.16,1,1.89,12,370,5500,200,0,1,0,1,0,0
Ishtar,0,0,0,0,1,470,78,7,0.7,220,38,4.5,0.38,13,2.9,23,1.3,34,2.6,1,1.6,55,365,5500,200,1,0,1,1,0,2
Ix Chel,0,0,0,0,1,380,80,7,0.6,300,44,5,0.45,12,2.8,23,1.3,35,1.5,0.9,0.8,55,360,5500,200,1,0,1,1,0,2
Izanami,0,0,0,0,1,450,77,6,0.7,210,35,4.4,0.38,11,2.9,23,1.3,31,2.4,0.92,1.7,52,365,0,0,1,0,1,1,0,2
Janus,0,0,0,0,1,400,70,6,0.45,350,58,5,0.45,10,2.8,23,1.3,34,1.45,1,0.8,55,360,5500,200,1,0,1,1,0,0
Jing Wei,0,0,0,0,1,435,78,7,0.68,205,36,4.4,0.3,11,2.9,23,1.3,33,2.7,1,1.6,55,370,5500,200,0,0,1,1,0,2
Jormungandr,0,0,0,0,1,495,100,7,0.9,190,40,4.5,0.45,21,3.5,27,1.3,11,0.96,1,1,35,370,5500,200,1,0,1,1,1,0
Kali,0,0,0,0,1,470,74,9,0.68,225,34,4.3,0.21,15,2.9,23,1.3,37,2.32,1,2.16,12,375,5500,200,1,1,0,1,0,2
Khepri,0,0,0,0,1,490,90,8,0.8,190,34,4.6,0.4,19,3,27,1.3,38,1.5,1,1.2,12,365,5500,200,1,1,0,1,1,0
King Arthur,0,0,0,0,1,485,83,9,0.8,230,40,4.4,0.4,17,3,24,1.3,39,2,1,0,16,370,5500,200,1,1,0,1,0,0
Kukulkan,0,0,0,0,1,380,75,7,0.46,265,45,5,0.45,13,3,23,1.3,34,1.45,0.87,0.91,55,360,0,0,0,0,1,1,0,0
Kumbhakarna,0,0,0,0,1,490,100,8,0.75,200,34,4.6,0.42,20,3.2,27,1.3,38,1.5,1,1.2,12,365,5500,200,0,1,0,1,1,0
Kuzenbo,0,0,0,0,1,500,100,8,0.85,200,34,4.6,0.42,17,3.2,27,1.3,38,1.5,1,1.2,12,365,5500,200,0,1,0,1,1,0
Lancelot,0,0,0,0,1,460,77,9,0.7,230,40,4.6,0.46,14,2.9,23,1.3,38,2.3,1,1.9,16,370,5500,200,3,1,0,1,0,0
Loki,0,0,0,0,1,395,75,8,0.7,210,35,4.2,0.35,11,2.9,23,1.3,38,2.4,1,1.9,12,375,5500,200,0,1,0,1,0,0
Maman Brigitte,0,0,0,0,1,407,77,10,0.46,240,36,4.8,0.4,12,3,23,1.3,35,2.4,1,1.8,12,375,5500,200,1,1,0,1,0,2
Martichoras,0,0,0,0,1,486,82,7,0.7,240,38,4.5,0.4,15,3.1,23,1.3,34,2.6,0.91,1.4,55,365,5500,200,1,0,1,1,0,0
Maui,0,0,0,0,1,500,100,8,0.8,200,36,4.5,0.42,20,3.4,27,1.3,40,1.8,0.9,1.4,25,370,5500,200,1,1,0,1,1,0
Medusa,0,0,0,0,1,470,77,8,0.68,220,34,4.4,0.25,12,3,23,1.3,35,2.6,0.95,1.4,55,375,5500,200,0,0,1,1,0,2
Mercury,0,0,0,0,1,400,75,10,0.7,200,40,4.4,0.35,12,2.9,24,1.3,38,2.13,1,2.4,12,381,5500,200,1,1,0,1,0,0
Merlin,0,0,0,0,1,370,75,6,0.48,250,55,4.8,0.44,10,3,23,1.3,34,1.5,1,0.8,58,355,5500,200,3,0,1,1,0,0
Morgan Le Fay,0,0,0,0,1,430,77,8,0.48,250,55,4.8,0.44,14,3,23,1.3,35,1.5,1,0.8,55,365,5500,200,1,0,1,1,0,2
Mulan,0,0,0,0,1,490,84,9,0.7,220,38,4.7,0.4,18,3,24,1.3,39,2.2,1,1,12,375,5500,200,1,1,0,1,0,2
Ne Zha,0,0,0,0,1,400,75,10,0.71,200,35,3.9,0.27,12,2.9,23,1.3,39,2.2,1,2.1,12,375,5500,200,1,1,0,1,0,2
Neith,0,0,0,0,1,457,75,6,0.54,230,39,4.4,0.35,12,3,23,1.3,33,2.5,1,1.6,55,365,0,0,0,0,1,1,0,2
Nemesis,0,0,0,0,1,470,76,8,0.7,210,38,4.3,0.4,11,3,23,1.3,39,2.25,1,2.16,12,375,0,0,1,1,0,1,0,2
Nike,0,0,0,0,1,500,87,10,0.8,220,38,4.6,0.39,15,3,24,1.3,37,2,1,1.2,12,375,5500,200,0,1,0,1,0,2
Nox,0,0,0,0,1,365,75,8,0.6,250,38,5,0.4,18,2.6,23,1.3,34,1.5,1,0.8,55,360,5500,200,1,0,1,1,0,2
Nu Wa,0,0,0,0,1,400,75,7,0.45,265,43,4.6,0.43,9,2.7,23,1.3,35,1.5,1,1.7,55,355,5500,200,0,0,1,1,0,2
Nut,0,0,0,0,1,480,76,7,0.71,230,37,4.5,0.4,13,2.9,23,1.3,35,2.7,1,1.7,52.2,370,5500,200,1,0,1,1,0,2
Odin,0,0,0,0,1,470,83,9,0.63,200,35,4.1,0.4,16,3,24,1.3,38,2,1,1.1,12,370,5500,200,0,1,0,1,0,0
Olorun,0,0,0,0,1,450,75,7,0.45,240,58,5,0.4,13,3,23,1.3,40,2.38,1.05,1.5,55,370,0,0,1,0,1,1,0,0
Osiris,0,0,0,0,1,485,88,9,0.8,230,40,4.7,0.39,17,3,23,1.3,39,2.25,1,1.3,12,375,5500,200,3,1,0,1,0,0
Pele,0,0,0,0,1,460,77,9,0.7,240,40,4.3,0.4,12,2.9,23,1.3,39,2.25,1,2,12,375,5500,200,1,1,0,1,0,2
Persephone,0,0,0,0,1,370,75,7,0.45,280,55,5,0.42,9,2.7,23,1.3,34,1.7,0.95,0.95,55,360,5500,200,3,0,1,1,0,2
Poseidon,0,0,0,0,1,380,67,6,0.5,245,40,4.6,0.4,8,2.6,23,1.3,35,1.5,0.95,1.2,55,360,0,0,0,0,1,1,0,0
Ra,0,0,0,0,1,385,75,7,0.48,255,48,4.8,0.44,10,3,23,1.3,34,1.5,0.88,1,55,360,5500,200,1,0,1,1,0,0
Raijin,0,0,0,0,1,385,80,6,0.45,255,43,4.6,0.46,9,3.1,23,1.3,34,1.5,0.87,0.9,55,355,5500,200,1,0,1,1,0,0
Rama,0,0,0,0,1,460,76,8,0.65,205,34,4.5,0.25,12,2.8,23,1.3,35,2.5,0.95,1.7,55,370,5500,200,1,0,1,1,0,0
Ratatoskr,0,0,0,0,1,420,73,9,0.7,240,41,4.6,0.46,12,3,23,1.3,39,2.25,1,2,12,375,5500,200,0,1,0,1,0,0
Ravana,0,0,0,0,1,400,75,8,0.7,230,35,4.4,0.35,13,2.9,23,1.3,39,2.2,1,1.7,12,370,5500,200,1,1,0,1,0,0
Scylla,0,0,0,0,1,365,75,6,0.45,298,56,4.9,0.4,9,2.6,23,1.3,34,1.45,1,0.8,55,355,5500,200,0,0,1,1,0,2
Serqet,0,0,0,0,1,414,76,9,0.7,240,40,4.3,0.29,14,2.9,23,1.3,39,2.25,1,2.16,12,370,5500,200,1,1,0,1,0,2
Set,0,0,0,0,1,450,75,9,0.7,210,38,4.2,0.38,13,2.9,23,1.3,39,2.3,1,1.9,12,375,5500,200,1,1,0,1,0,0
Shiva,0,0,0,0,1,475,83,8,0.7,210,36,4.5,0.39,16,3,24,1.3,39,2,1,1.2,16,375,5500,200,1,1,0,1,0,2
Skadi,0,0,0,0,1,470,78,8,0.69,220,35,4.5,0.32,11,2.8,23,1.3,30,2.5,0.95,1.6,55,375,5500,200,3,0,1,1,0,2
Sobek,0,0,0,0,1,490,95,6,0.75,210,35,4.5,0.43,19,3,27,1.3,38,1.5,0.85,1.4,12,365,5500,200,0,1,0,1,1,0
Sol,0,0,0,0,1,400,75,6,0.45,300,57,4.9,0.4,9,2.6,23,1.3,34,1.45,1,1.8,55,370,5500,200,3,0,1,1,0,2
Sun Wukong,0,0,0,0,1,480,85,8,0.8,205,35,4.3,0.38,18,3,24,1.3,39,2,1,0.9,12,370,5500,200,1,1,0,1,0,0
Surtr,0,0,0,0,1,479,84,9,0.8,230,35,4.6,0.38,18,3,24,1.3,39,2.2,1,1.2,16,375,5500,200,1,1,0,1,0,0
Susano,0,0,0,0,1,435,76,9,0.7,225,38,4.2,0.27,14,2.9,23,1.3,38,2.2,1,2.16,12,370,5500,200,3,1,0,1,0,0
Sylvanus,0,0,0,0,1,510,95,8,0.8,190,34,4.6,0.4,21,3.4,27,1.3,38,1.5,0.9,0.8,40,370,5500,200,1,0,1,1,1,0
Terra,0,0,0,0,1,500,95,8,0.8,200,35,4.6,0.4,19,3.2,27,1.3,38,1.55,0.9,1.4,12,365,5500,200,3,1,0,1,1,2
Thanatos,0,0,0,0,1,390,75,8,0.67,240,38,4.4,0.38,14,2.9,23,1.3,39,2.3,1,1.7,12,370,0,0,1,1,0,1,0,0
The Morrigan,0,0,0,0,1,450,75,10,0.7,250,38,4.5,0.4,14,3,25,1.3,34,2.4,0.87,1,55,365,5500,200,4,0,1,1,0,2
Thor,0,0,0,0,1,460,76,9,0.69,240,38,4.4,0.29,14,2.9,23,1.3,39,2.4,1,1.45,12,370,5500,200,3,1,0,1,0,0
Thoth,0,0,0,0,1,365,75,6,0.45,245,49,4.6,0.44,9,2.6,23,1.3,32,1.5,1,1.2,55,355,5500,200,1,0,1,1,0,0
Tiamat,0,0,0,0,1,400,77,7,0.5,300,55,5,0.44,13,2.7,23,1.3,34,1.5,0.88,1,55,360,5500,200,3,0,1,1,0,2
Tsukuyomi,0,0,0,0,1,455,78,8,0.68,205,35,4.5,0.46,13,2.8,23,1.3,35,2.4,1,1.3,12,375,5500,200,1,1,0,1,0,0
Tyr,0,0,0,0,1,485,83,8,0.72,230,40,4.4,0.29,18,3,24,1.3,39,2,1,0.9,12,375,5500,200,3,1,0,1,0,0
Ullr,0,0,0,0,1,480,80,8,0.71,230,40,4.4,0.38,13,3,23,1.3,33,2.4,0.95,1.5,55,360,5500,200,3,0,1,1,0,0
Vamana,0,0,0,0,1,490,88,8,0.5,200,39,4.7,0.41,18,2.9,24,1.3,37,2,1,1.4,12,375,5500,200,1,1,0,1,0,0
Vulcan,0,0,0,0,1,380,71,7,0.48,245,40,4.8,0.45,13,3,23,1.3,34,1.5,0.9,1.1,55,360,5500,200,1,0,1,1,0,0
Xbalanque,0,0,0,0,1,455,75,8,0.68,220,37,4.4,0.4,12,2.9,23,1.3,35,2.5,0.95,1.5,55,365,5500,200,1,0,1,1,0,0
Xing Tian,0,0,0,0,1,495,90,5,0.54,200,40,4.5,0.45,20,3.4,27,1.3,35,1.55,0.9,1.2,12,360,5500,200,1,1,0,1,1,0
Yemoja,0,0,0,0,1,490,95,6,0.7,0,0,0,0,19,3,27,1.3,34,1.5,1,1.2,55,365,0,0,1,0,1,1,1,2
Ymir,0,0,0,0,1,510,104,8,0.9,200,32,4.5,0.45,23,3.3,27,1.3,38,1.55,0.85,1.2,12,370,0,0,0,1,0,1,1,0
Yu Huang,0,0,0,0,1,400,77,7,0.47,280,55,4.7,0.44,12,3,23,1.3,35,1.5,0.99,1.2,55,355,5500,200,1,0,1,1,0,0
Zeus,0,0,0,0,1,380,71,6,0.45,245,44,4.6,0.45,8,2.7,23,1.3,35,1.5,0.95,0.99,55,360,5500,200,1,0,1,1,0,0
Zhong Kui,0,0,0,0,1,450,85,6,0.44,250,47,4.8,0.45,10,2.6,23,1.3,33,1.5,0.95,1,55,360,5500,200,0,0,1,1,0,0