,name,league,dota,mobile legends,heroes,smite,hp,hplvl,hpregen,hpregenlvl,mana,manalvl,manaregen,manaregenlvl,armor,armorlvl,magicres,mrlvl,attackdamage,adlvl,baseattackspeed,attackspdlvl,attackrange,movespeed,pricefree,pricepaid,difficulty,meleerange,rangedrange,manaresource,support,gender
0,Aatrox,1,0,0,0,0,650,114.0,3.0,0.5,0,0.0,0.0,0.0,38.0,38.0,32.0,2.05,60,5.0,0.651,2.5,175.0,345.0,2400,880,2,1,0,0,0,0
1,Ahri,1,0,0,0,0,590,104.0,2.5,0.6,418,25.0,8.0,0.8,21.0,21.0,30.0,1.3,53,3.0,0.668,2.2,550.0,330.0,1575,790,2,0,1,1,0,1
2,Akali,1,0,0,0,0,600,121.0,9.0,0.9,200,0.0,50.0,0.0,23.0,23.0,37.0,2.05,62,3.3,0.625,3.2,125.0,345.0,1575,790,3,1,0,0,0,1
3,Akshan,1,0,0,0,0,630,115.0,3.75,0.65,350,40.0,8.2,0.7,26.0,26.0,30.0,1.3,52,3.0,0.638,4.0,500.0,330.0,2400,880,3,0,1,1,0,0
4,Alistar,1,0,0,0,0,685,120.0,8.5,0.85,350,40.0,8.5,0.8,40.0,40.0,32.0,2.05,62,3.75,0.625,2.125,125.0,330.0,675,585,1,1,0,1,1,0
5,Ambessa,1,0,0,0,0,630,110.0,8.5,0.75,200,0.0,8.0,0.8,35.0,35.0,32.0,2.05,63,3.0,0.625,2.5,125.0,335.0,3150,975,3,1,0,0,0,1
6,Amumu,1,0,0,0,0,685,94.0,9.0,0.85,285,40.0,7.4,0.55,33.0,33.0,32.0,2.05,57,3.8,0.736,2.18,125.0,335.0,225,260,1,1,0,1,1,0
7,Anivia,1,0,0,0,0,550,92.0,5.5,0.55,495,45.0,8.0,0.8,21.0,21.0,30.0,1.3,51,3.2,0.658,1.68,600.0,325.0,1575,790,2,0,1,1,1,1
8,Annie,1,0,0,0,0,560,86.0,5.5,0.55,418,25.0,8.0,0.8,23.0,23.0,30.0,1.3,50,2.65,0.61,1.36,625.0,335.0,225,260,1,0,1,1,1,1
9,Aphelios,1,0,0,0,0,600,102.0,3.25,0.55,348,42.0,6.5,0.4,26.0,26.0,30.0,1.3,55,2.3,0.665,2.1,550.0,325.0,2400,880,3,0,1,1,0,0
10,Ashe,1,0,0,0,0,610,101.0,3.5,0.55,280,35.0,7.0,0.65,26.0,26.0,30.0,1.3,59,2.95,0.658,3.33,600.0,325.0,225,260,1,0,1,1,1,1
11,Aurelion Sol,1,0,0,0,0,600,90.0,5.5,0.55,530,40.0,8.0,0.75,22.0,22.0,30.0,1.3,58,3.2,0.625,1.5,550.0,335.0,2400,880,2,0,1,1,0,0
12,Aurora,1,0,0,0,0,607,110.0,6.0,0.55,475,30.0,8.0,0.8,23.0,23.0,32.0,1.3,53,3.0,0.668,2.0,550.0,335.0,3150,975,2,0,1,1,0,1
13,Azir,1,0,0,0,0,575,119.0,7.0,0.75,320,40.0,8.0,0.8,25.0,25.0,30.0,1.3,56,3.5,0.625,5.5,525.0,330.0,2400,880,3,0,1,1,0,0
14,Bard,1,0,0,0,0,630,103.0,5.5,0.55,350,50.0,6.0,0.45,34.0,34.0,30.0,1.3,52,3.0,0.658,2.0,500.0,335.0,2400,880,2,0,1,1,1,0
15,Bel'Veth,1,0,0,0,0,660,99.0,6.0,0.6,0,0.0,0.0,0.0,32.0,32.0,32.0,2.05,60,2.0,0.85,0.0,150.0,340.0,1575,790,2,1,0,0,0,1
16,Blitzcrank,1,0,0,0,0,600,139.0,7.5,0.75,267,40.0,8.5,0.8,37.0,37.0,32.0,2.05,62,3.5,0.625,1.13,125.0,325.0,675,585,1,1,0,1,1,0
17,Brand,1,0,0,0,0,570,105.0,5.5,0.55,469,21.0,9.0,0.6,27.0,27.0,30.0,1.3,57,3.0,0.681,2.0,550.0,340.0,225,260,2,0,1,1,1,0
18,Braum,1,0,0,0,0,610,132.0,8.5,1.0,311,45.0,7.0,0.8,35.0,35.0,32.0,2.05,55,3.2,0.644,3.5,125.0,335.0,1575,790,2,1,0,1,1,0
19,Briar,1,0,0,0,0,625,85.0,0.0,0.0,0,0.0,0.0,0.0,30.0,30.0,32.0,2.05,60,2.5,0.644,2.0,125.0,340.0,2400,880,2,1,0,0,0,1
20,Caitlyn,1,0,0,0,0,580,107.0,3.5,0.55,315,40.0,7.4,0.7,27.0,27.0,30.0,1.3,60,3.8,0.681,4.0,650.0,325.0,225,260,1,0,1,1,0,1
21,Camille,1,0,0,0,0,650,99.0,8.5,0.8,339,52.0,8.15,0.75,35.0,35.0,32.0,2.05,68,3.8,0.644,2.5,125.0,340.0,2400,880,2,1,0,1,0,1
22,Cassiopeia,1,0,0,0,0,630,94.0,5.5,0.5,400,40.0,8.0,0.8,18.0,18.0,32.0,1.3,53,3.0,0.647,1.5,550.0,328.0,2400,880,3,0,1,1,0,1
23,Cho'Gath,1,0,0,0,0,644,94.0,9.0,0.85,270,60.0,7.2,0.45,38.0,38.0,32.0,2.05,69,4.2,0.658,1.44,125.0,345.0,675,585,1,1,0,1,0,0
24,Corki,1,0,0,0,0,610,100.0,5.5,0.55,350,40.0,7.4,0.7,27.0,27.0,30.0,1.3,52,2.0,0.644,2.8,550.0,325.0,1575,790,2,0,1,1,0,0
25,Darius,1,0,0,0,0,652,114.0,10.0,0.95,263,58.0,6.6,0.35,37.0,37.0,32.0,2.05,64,5.0,0.625,1.0,175.0,340.0,225,260,2,1,0,1,0,0
26,Diana,1,0,0,0,0,640,109.0,6.5,0.85,375,25.0,8.0,0.8,31.0,31.0,32.0,2.05,57,3.0,0.625,2.0,150.0,345.0,225,260,1,1,0,1,0,1
27,Dr. Mundo,1,0,0,0,0,640,103.0,7.0,0.5,0,0.0,0.0,0.0,32.0,32.0,29.0,2.3,61,2.5,0.67,3.3,125.0,345.0,225,260,1,1,0,0,0,0
28,Draven,1,0,0,0,0,675,104.0,3.75,0.7,361,39.0,8.05,0.65,29.0,29.0,30.0,1.3,62,3.6,0.679,2.7,550.0,330.0,2400,880,3,0,1,1,0,0
29,Ekko,1,0,0,0,0,655,121.0,9.0,0.9,280,70.0,7.0,0.8,32.0,32.0,32.0,2.05,58,3.0,0.688,3.3,125.0,340.0,1575,790,2,1,0,1,0,0
30,Elise,1,0,0,0,0,620,109.0,5.5,0.6,324,50.0,6.0,0.8,30.0,30.0,30.0,1.3,55,3.0,0.625,1.75,550.0,330.0,2400,880,2,0,1,1,0,1
31,Evelynn,1,0,0,0,0,642,98.0,8.5,0.75,315,42.0,8.11,0.6,37.0,37.0,32.0,2.05,61,3.0,0.667,2.1,125.0,335.0,675,585,2,1,0,1,0,1
32,Ezreal,1,0,0,0,0,600,102.0,4.0,0.65,375,70.0,8.5,1.0,24.0,24.0,30.0,1.3,60,2.75,0.625,2.5,550.0,325.0,675,585,2,0,1,1,0,0
34,Fiora,1,0,0,0,0,620,89.0,8.5,0.55,300,60.0,8.0,0.7,33.0,33.0,32.0,2.05,66,2.0,0.69,3.2,150.0,345.0,2400,880,2,1,0,1,0,1
35,Fizz,1,0,0,0,0,640,121.0,8.0,0.7,317,52.0,6.0,0.8,22.0,22.0,32.0,2.05,58,3.0,0.658,3.1,175.0,335.0,675,585,2,1,0,1,0,0
36,Galio,1,0,0,0,0,600,136.0,8.0,0.8,410,40.0,9.5,0.7,24.0,24.0,32.0,2.05,59,3.5,0.625,1.5,150.0,340.0,1575,790,2,1,0,1,0,0
37,Gangplank,1,0,0,0,0,630,114.0,6.0,0.6,280,60.0,8.0,0.7,31.0,31.0,32.0,2.05,64,4.2,0.658,3.2,125.0,345.0,1575,790,3,1,0,1,0,0
38,Garen,1,0,0,0,0,690,98.0,8.0,0.5,0,0.0,0.0,0.0,38.0,38.0,32.0,1.55,69,4.5,0.625,3.65,175.0,340.0,225,260,1,1,0,0,0,0
39,Gnar,1,0,0,0,0,640,122.0,4.5,1.25,0,0.0,0.0,0.0,35.0,35.0,33.0,4.8,66,5.7,0.625,0.5,175.0,335.0,2400,880,3,1,0,0,0,0
40,Gragas,1,0,0,0,0,640,115.0,5.5,0.5,400,47.0,6.0,0.8,38.0,38.0,32.0,2.05,64,3.5,0.675,2.05,125.0,330.0,1575,790,2,1,0,1,0,0
41,Graves,1,0,0,0,0,625,106.0,8.0,0.7,325,40.0,8.0,0.7,33.0,33.0,32.0,2.05,68,4.0,0.475,3.0,425.0,340.0,2400,880,2,0,1,1,0,0
42,Gwen,1,0,0,0,0,600,110.0,9.0,0.9,330,40.0,7.5,0.7,36.0,36.0,32.0,2.05,63,3.0,0.69,2.25,150.0,340.0,2400,880,2,1,0,1,0,1
43,Hecarim,1,0,0,0,0,625,106.0,7.0,0.75,280,40.0,7.0,0.8,32.0,32.0,32.0,2.05,66,3.7,0.67,2.5,175.0,345.0,2400,880,2,1,0,1,0,0
44,Heimerdinger,1,0,0,0,0,558,101.0,7.0,0.55,385,20.0,8.0,0.8,19.0,19.0,30.0,1.3,56,2.7,0.658,1.36,550.0,340.0,1575,790,2,0,1,1,1,0
45,Hwei,1,0,0,0,0,580,109.0,5.5,0.55,480,30.0,7.5,0.75,21.0,21.0,30.0,1.3,54,3.3,0.69,2.5,550.0,330.0,2400,880,3,0,1,1,1,0
46,Illaoi,1,0,0,0,0,656,105.0,9.5,0.8,350,50.0,7.5,0.75,35.0,35.0,32.0,2.05,65,4.0,0.625,2.5,125.0,350.0,1575,790,2,1,0,1,0,1
47,Irelia,1,0,0,0,0,630,127.0,3.5,0.85,350,50.0,8.0,0.8,36.0,36.0,30.0,2.05,65,3.5,0.656,2.5,200.0,335.0,1575,790,2,1,0,1,0,1
48,Ivern,1,0,0,0,0,630,99.0,7.0,0.85,450,60.0,6.0,0.75,27.0,27.0,30.0,1.3,50,3.0,0.644,3.4,475.0,330.0,2400,880,2,0,1,1,1,0
49,Janna,1,0,0,0,0,570,90.0,5.5,0.55,360,50.0,11.5,0.4,28.0,28.0,30.0,1.3,47,2.5,0.625,3.0,550.0,325.0,675,585,1,0,1,1,1,1
50,Jarvan IV,1,0,0,0,0,640,104.0,8.0,0.7,300,55.0,6.5,0.45,36.0,36.0,32.0,2.05,64,3.0,0.658,2.5,175.0,340.0,1575,790,1,1,0,1,0,0
51,Jax,1,0,0,0,0,665,93.0,8.5,0.55,339,52.0,7.6,0.7,36.0,36.0,32.0,2.05,68,4.0,0.638,3.4,125.0,350.0,675,585,1,1,0,1,0,0
52,Jayce,1,0,0,0,0,590,109.0,6.0,0.6,375,45.0,6.0,0.8,22.0,22.0,30.0,1.3,59,4.25,0.658,3.0,125.0,335.0,2400,880,3,0,1,1,0,0
53,Jhin,1,0,0,0,0,655,107.0,3.75,0.55,300,50.0,6.0,0.8,24.0,24.0,30.0,1.3,59,4.4,0.625,0.0,550.0,330.0,1234,880,2,0,1,1,0,0
54,Jinx,1,0,0,0,0,630,115.0,3.75,0.5,260,50.0,6.7,1.0,26.0,26.0,30.0,1.3,59,3.0,0.625,1.4,525.0,325.0,1575,790,2,0,1,1,0,1
55,K'Sante,1,0,0,0,0,625,135.0,9.5,1.0,320,60.0,7.0,1.0,36.0,36.0,30.0,2.1,64,3.5,0.688,2.5,150.0,330.0,2400,880,3,1,0,1,0,0
56,Kai'Sa,1,0,0,0,0,640,102.0,4.0,0.55,345,40.0,8.2,0.7,27.0,27.0,30.0,1.3,59,2.6,0.644,1.8,525.0,335.0,675,585,3,0,1,1,0,1
57,Kalista,1,0,0,0,0,510,94.0,4.0,0.75,300,45.0,6.3,0.4,24.0,24.0,30.0,1.3,57,4.0,0.694,4.5,525.0,330.0,2400,880,3,0,1,1,0,1
58,Karma,1,0,0,0,0,630,109.0,5.5,0.55,374,40.0,13.0,0.8,28.0,28.0,30.0,1.3,51,3.3,0.625,2.3,525.0,335.0,1575,790,1,0,1,1,1,1
59,Karthus,1,0,0,0,0,620,110.0,6.5,0.55,467,31.0,8.0,0.8,21.0,21.0,30.0,1.3,46,3.25,0.625,2.11,450.0,335.0,1575,790,2,0,1,1,0,0
60,Kassadin,1,0,0,0,0,646,119.0,6.0,0.5,400,87.0,6.0,0.8,21.0,21.0,30.0,1.3,59,3.9,0.64,3.7,150.0,335.0,1575,790,2,1,0,1,0,0
61,Katarina,1,0,0,0,0,672,108.0,7.5,0.7,0,0.0,0.0,0.0,28.0,28.0,32.0,2.05,58,3.2,0.658,2.74,125.0,335.0,1575,790,2,1,0,0,0,1
62,Kayle,1,0,0,0,0,670,92.0,5.0,0.5,330,50.0,8.0,0.8,26.0,26.0,22.0,1.3,50,2.0,0.625,1.5,175.0,335.0,2400,260,2,1,0,1,0,1
63,Kayn,1,0,0,0,0,655,103.0,8.0,0.75,410,50.0,11.5,0.95,38.0,38.0,32.0,2.05,68,3.3,0.669,2.7,175.0,340.0,1575,790,3,1,0,1,0,0
64,Kennen,1,0,0,0,0,580,98.0,5.5,0.65,200,0.0,50.0,0.0,29.0,29.0,30.0,1.3,48,3.75,0.625,3.4,550.0,335.0,2400,880,2,0,1,0,0,0
65,Kha'Zix,1,0,0,0,0,643,99.0,7.5,0.75,327,40.0,7.59,0.5,32.0,32.0,32.0,2.05,60,3.1,0.668,2.7,125.0,350.0,2400,880,2,1,0,1,0,0
67,Kled,1,0,0,0,0,410,84.0,6.0,0.75,0,0.0,0.0,0.0,35.0,35.0,28.0,2.05,65,3.5,0.625,3.5,250.0,305.0,2400,880,3,1,0,0,0,0
68,Kog'Maw,1,0,0,0,0,635,99.0,3.75,0.55,325,40.0,8.75,0.7,24.0,24.0,30.0,1.3,61,2.0,0.665,2.65,500.0,330.0,2400,880,2,0,1,1,0,0
69,LeBlanc,1,0,0,0,0,598,130.0,7.5,0.55,400,25.0,8.0,0.8,22.0,22.0,30.0,1.3,55,2.2,0.658,2.35,525.0,340.0,1575,790,2,0,1,1,0,1
70,Lee Sin,1,0,0,0,0,725,123.0,7.5,0.7,200,0.0,50.0,0.0,36.0,36.0,32.0,2.05,66,3.7,0.651,3.0,125.0,345.0,675,585,2,1,0,0,0,0
71,Leona,1,0,0,0,0,646,101.0,8.5,0.85,302,40.0,6.0,0.8,43.0,43.0,32.0,2.05,60,3.0,0.625,2.9,125.0,335.0,225,260,1,1,0,1,1,1
72,Lillia,1,0,0,0,0,605,105.0,2.5,0.55,410,50.0,11.5,0.95,22.0,22.0,32.0,1.55,61,3.1,0.625,2.7,325.0,330.0,2400,880,3,1,0,1,0,1
73,Lissandra,1,0,0,0,0,620,110.0,7.0,0.55,475,30.0,8.0,0.4,22.0,22.0,30.0,1.3,55,2.7,0.656,1.5,550.0,325.0,2400,880,2,0,1,1,0,1
74,Lucian,1,0,0,0,0,641,100.0,3.75,0.65,320,43.0,7.0,0.8,28.0,28.0,30.0,1.3,60,2.9,0.638,3.3,500.0,335.0,675,585,2,0,1,1,0,0
75,Lulu,1,0,0,0,0,565,92.0,6.0,0.6,350,55.0,11.0,0.6,26.0,26.0,30.0,1.3,47,2.6,0.625,2.25,550.0,330.0,2400,880,2,0,1,1,1,1
76,Lux,1,0,0,0,0,580,114.0,5.5,0.55,480,23.5,7.0,0.8,21.0,21.0,30.0,1.3,54,3.3,0.669,3.0,550.0,330.0,225,260,1,0,1,1,1,1
77,Malphite,1,0,0,0,0,665,104.0,7.0,0.55,280,60.0,7.3,0.55,37.0,37.0,28.0,2.05,62,4.0,0.736,3.4,125.0,335.0,225,260,1,1,0,1,0,0
78,Malzahar,1,0,0,0,0,580,101.0,6.0,0.6,375,28.0,8.0,0.8,18.0,18.0,30.0,1.3,55,3.0,0.625,1.5,500.0,335.0,2400,880,1,0,1,1,0,0
79,Maokai,1,0,0,0,0,665,109.0,5.0,0.75,375,43.0,6.0,0.6,35.0,35.0,32.0,2.05,64,3.3,0.8,2.125,125.0,335.0,2400,880,1,1,0,1,1,0
80,Master Yi,1,0,0,0,0,669,105.0,7.5,0.65,251,42.0,7.25,0.45,33.0,33.0,32.0,2.05,65,2.0,0.679,2.5,175.0,355.0,225,260,1,1,0,1,0,0
81,Mel,1,0,0,0,0,630,93.0,6.0,0.55,480,28.0,8.0,0.0,21.0,21.0,30.0,1.3,54,3.3,0.625,2.5,550.0,330.0,3150,975,2,0,1,1,1,1
82,Milio,1,0,0,0,0,560,88.0,5.0,0.5,365,43.0,11.5,0.8,26.0,26.0,30.0,1.3,48,3.2,0.625,3.0,525.0,330.0,2400,880,1,0,1,1,1,0
83,Miss Fortune,1,0,0,0,0,640,113.0,3.75,0.65,300,40.0,8.0,0.4,25.0,25.0,30.0,1.3,53,3.0,0.656,3.0,550.0,325.0,225,260,1,0,1,1,0,1
84,Mordekaiser,1,0,0,0,0,645,104.0,5.0,0.75,0,0.0,0.0,0.8,37.0,37.0,32.0,2.05,61,4.0,0.625,1.0,175.0,335.0,675,585,2,1,0,0,0,0
85,Morgana,1,0,0,0,0,630,104.0,5.5,0.4,340,60.0,11.0,0.0,25.0,25.0,30.0,1.3,56,3.5,0.625,1.53,450.0,335.0,675,585,1,0,1,1,1,1
86,Naafiri,1,0,0,0,0,610,125.0,7.5,0.7,400,55.0,7.5,0.4,28.0,28.0,32.0,2.05,55,2.0,0.663,2.1,125.0,340.0,675,585,1,1,0,1,0,1
87,Nami,1,0,0,0,0,560,88.0,5.5,0.55,365,43.0,11.5,1.0,29.0,29.0,30.0,1.3,54,3.1,0.644,2.61,550.0,335.0,1575,790,2,0,1,1,1,1
88,Nasus,1,0,0,0,0,631,104.0,9.0,0.9,326,62.0,7.45,0.4,34.0,34.0,32.0,2.05,67,4.0,0.638,3.48,125.0,350.0,675,585,1,1,0,1,0,0
89,Nautilus,1,0,0,0,0,646,100.0,8.5,0.55,400,47.0,8.65,0.5,39.0,39.0,32.0,2.05,61,3.3,0.706,1.0,175.0,325.0,2400,880,2,1,0,1,1,0
90,Neeko,1,0,0,0,0,610,104.0,7.5,0.75,450,30.0,7.0,0.5,21.0,21.0,30.0,1.3,48,2.5,0.625,3.5,550.0,340.0,2400,880,1,0,1,1,1,1
91,Nidalee,1,0,0,0,0,610,124.0,6.0,0.6,295,45.0,6.0,0.7,32.0,32.0,30.0,1.45,58,3.5,0.638,3.22,525.0,335.0,1575,790,2,0,1,1,0,1
92,Nilah,1,0,0,0,0,570,101.0,6.0,0.9,350,35.0,8.2,0.8,27.0,27.0,32.0,2.05,60,2.0,0.697,2.25,225.0,340.0,2400,880,3,1,0,1,0,1
93,Nocturne,1,0,0,0,0,655,109.0,7.0,0.75,275,35.0,7.0,0.7,38.0,38.0,32.0,1.55,62,2.6,0.721,2.7,125.0,345.0,1575,790,1,1,0,1,0,0
94,Nunu %26 Willump,1,0,0,0,0,610,90.0,5.0,0.8,280,42.0,7.0,0.45,29.0,29.0,32.0,2.05,61,3.0,0.625,2.25,125.0,345.0,225,260,1,1,0,1,0,0
95,Olaf,1,0,0,0,0,645,119.0,6.5,0.6,316,50.0,7.5,0.5,35.0,35.0,32.0,2.05,68,4.7,0.694,2.7,125.0,350.0,1575,790,1,1,0,1,0,0
96,Orianna,1,0,0,0,0,585,125.0,7.0,0.55,418,25.0,8.0,0.6,20.0,20.0,26.0,1.3,44,2.6,0.658,3.5,525.0,325.0,2400,880,3,0,1,1,1,1
97,Ornn,1,0,0,0,0,660,109.0,9.0,0.9,341,65.0,8.0,0.8,33.0,33.0,32.0,2.05,69,3.5,0.625,2.0,175.0,335.0,2400,880,2,1,0,1,0,0
98,Pantheon,1,0,0,0,0,650,120.0,6.0,0.65,317,31.0,7.35,0.6,40.0,40.0,28.0,2.05,64,3.3,0.658,2.95,175.0,345.0,675,585,1,1,0,1,1,0
99,Poppy,1,0,0,0,0,610,110.0,8.0,0.8,280,40.0,7.0,0.45,35.0,35.0,32.0,2.05,60,4.0,0.658,2.5,125.0,345.0,225,260,2,1,0,1,0,1
100,Pyke,1,0,0,0,0,740,125.0,7.0,0.5,415,50.0,8.0,0.7,43.0,43.0,32.0,2.05,62,2.0,0.667,2.5,150.0,330.0,1575,790,2,1,0,1,1,0
101,Qiyana,1,0,0,0,0,620,124.0,8.0,0.9,375,60.0,8.0,1.0,31.0,31.0,32.0,2.05,66,3.1,0.688,2.1,150.0,335.0,2400,880,3,1,0,1,0,1
102,Quinn,1,0,0,0,0,565,122.0,5.5,0.55,269,35.0,7.0,0.7,28.0,28.0,30.0,1.3,59,3.0,0.668,3.1,525.0,330.0,2400,880,2,0,1,1,0,1
103,Rakan,1,0,0,0,0,610,99.0,5.0,0.5,315,50.0,8.75,0.4,30.0,30.0,32.0,2.05,62,3.5,0.635,3.0,300.0,335.0,2400,880,2,1,0,1,1,0
104,Rammus,1,0,0,0,0,675,115.0,8.0,0.55,310,33.0,7.85,0.5,35.0,35.0,32.0,2.05,65,2.75,0.7,2.215,125.0,335.0,675,585,1,1,0,1,0,0
105,Rek'Sai,1,0,0,0,0,600,119.0,2.5,0.5,100,0.0,0.0,0.5,35.0,35.0,32.0,2.05,58,4.0,0.667,2.0,175.0,340.0,2400,880,2,1,0,0,0,1
106,Rell,1,0,0,0,0,620,104.0,7.5,0.85,320,40.0,6.0,0.0,30.0,30.0,28.0,1.8,55,3.0,0.625,2.0,175.0,315.0,2400,880,2,1,0,1,1,1
107,Renata Glasc,1,0,0,0,0,545,94.0,5.5,0.55,350,50.0,11.5,0.35,27.0,27.0,30.0,1.3,49,3.0,0.625,2.11,550.0,330.0,2400,880,2,0,1,1,1,1
108,Renekton,1,0,0,0,0,660,111.0,8.0,0.75,100,0.0,0.0,0.5,35.0,35.0,28.0,2.05,69,4.15,0.665,2.75,125.0,345.0,2400,880,1,1,0,0,0,0
109,Rengar,1,0,0,0,0,620,110.0,6.0,0.5,4,0.0,0.0,0.0,34.0,34.0,32.0,2.05,68,3.0,0.667,3.0,125.0,345.0,2400,880,2,1,0,0,0,0
110,Riven,1,0,0,0,0,630,100.0,8.5,0.5,0,0.0,0.0,0.0,33.0,33.0,32.0,2.05,64,3.0,0.625,3.5,125.0,340.0,2400,880,3,1,0,0,0,1
111,Rumble,1,0,0,0,0,655,105.0,7.0,0.6,150,0.0,0.0,0.0,36.0,36.0,28.0,1.55,64,3.2,0.644,1.85,125.0,345.0,2400,880,2,1,0,0,0,0
112,Ryze,1,0,0,0,0,645,124.0,8.0,0.8,300,70.0,8.0,0.0,22.0,22.0,32.0,1.3,58,3.0,0.658,2.11,550.0,340.0,2400,260,3,0,1,1,0,0
113,Samira,1,0,0,0,0,630,108.0,3.25,0.55,349,38.0,8.2,1.0,26.0,26.0,30.0,1.3,57,2.0,0.658,3.3,500.0,335.0,1575,790,3,0,1,1,0,1
114,Sejuani,1,0,0,0,0,630,144.0,8.5,1.0,400,40.0,7.0,0.7,34.0,34.0,32.0,2.05,66,4.0,0.688,3.5,150.0,340.0,225,260,2,1,0,1,0,1
115,Senna,1,0,0,0,0,530,89.0,3.5,0.55,350,45.0,11.5,0.7,25.0,25.0,30.0,1.3,50,0.0,0.625,2.0,600.0,330.0,1575,790,2,0,1,1,1,1
116,Seraphine,1,0,0,0,0,570,95.0,6.5,0.6,360,25.0,11.5,0.7,26.0,26.0,30.0,1.3,50,3.0,0.669,2.0,525.0,330.0,1575,790,1,0,1,1,1,1
117,Sett,1,0,0,0,0,670,114.0,7.0,0.5,360,0.0,0.0,0.95,33.0,33.0,28.0,2.05,60,4.0,0.625,1.75,125.0,340.0,675,585,2,1,0,0,0,0
118,Shaco,1,0,0,0,0,630,99.0,8.5,0.55,297,40.0,6.0,0.0,30.0,30.0,32.0,2.05,63,3.0,0.694,3.0,125.0,345.0,1575,790,3,1,0,1,0,0
119,Shen,1,0,0,0,0,610,99.0,8.5,0.75,400,0.0,50.0,0.35,34.0,34.0,32.0,2.05,64,3.0,0.751,3.0,125.0,340.0,1575,790,1,1,0,0,0,0
120,Shyvana,1,0,0,0,0,665,94.0,8.5,0.8,100,0.0,0.0,0.0,38.0,38.0,32.0,1.5,66,3.0,0.658,2.5,125.0,350.0,1575,790,1,1,0,0,0,1
121,Singed,1,0,0,0,0,650,96.0,9.5,0.55,330,45.0,7.5,0.0,34.0,34.0,32.0,2.05,63,3.4,0.7,1.9,125.0,345.0,2400,260,2,1,0,1,0,0
122,Sion,1,0,0,0,0,655,87.0,9.0,0.8,400,52.0,8.0,0.55,36.0,36.0,32.0,2.05,68,4.0,0.679,1.3,175.0,345.0,675,585,1,1,0,1,0,0
123,Sivir,1,0,0,0,0,600,104.0,3.25,0.55,340,45.0,6.0,0.6,30.0,30.0,30.0,1.3,60,2.5,0.625,2.0,500.0,335.0,225,260,2,0,1,1,0,1
124,Skarner,1,0,0,0,0,630,110.0,7.5,0.75,320,40.0,7.2,0.8,33.0,33.0,32.0,2.05,63,3.0,0.625,2.0,150.0,335.0,2400,880,2,1,0,1,0,0
125,Smolder,1,0,0,0,0,575,100.0,3.75,0.6,300,40.0,8.5,0.75,24.0,24.0,30.0,1.3,60,2.3,0.638,4.0,550.0,330.0,3150,975,2,0,1,1,0,0
126,Sona,1,0,0,0,0,550,91.0,5.5,0.55,340,45.0,11.5,0.7,26.0,26.0,30.0,1.3,49,3.0,0.644,2.3,550.0,325.0,225,260,1,0,1,1,1,1
127,Soraka,1,0,0,0,0,605,88.0,2.5,0.5,425,40.0,11.5,0.4,32.0,32.0,30.0,1.3,50,3.0,0.625,2.14,550.0,325.0,225,260,1,0,1,1,1,1
128,Swain,1,0,0,0,0,595,99.0,3.0,0.5,400,29.0,10.0,0.4,25.0,25.0,31.0,1.55,58,2.7,0.625,2.11,525.0,330.0,1575,790,2,0,1,1,1,0
129,Sylas,1,0,0,0,0,600,122.0,9.0,0.9,400,70.0,8.0,0.8,29.0,29.0,32.0,2.55,61,3.0,0.645,3.5,175.0,340.0,1575,790,3,1,0,1,0,0
130,Syndra,1,0,0,0,0,563,104.0,6.5,0.6,480,40.0,8.0,0.8,25.0,25.0,30.0,1.3,54,2.9,0.658,2.0,550.0,330.0,1575,790,3,0,1,1,0,1
131,Tahm Kench,1,0,0,0,0,640,103.0,6.5,0.55,325,50.0,8.0,0.8,39.0,39.0,32.0,2.05,56,3.2,0.658,2.5,175.0,335.0,2400,880,1,1,0,1,1,0
132,Taliyah,1,0,0,0,0,550,104.0,6.5,0.65,470,30.0,8.0,1.0,18.0,18.0,28.0,1.3,58,3.3,0.658,1.36,525.0,330.0,2400,880,2,0,1,1,1,1
133,Talon,1,0,0,0,0,658,109.0,8.5,0.75,400,37.0,7.6,0.8,30.0,30.0,36.0,2.05,68,3.1,0.625,2.9,125.0,335.0,1575,790,2,1,0,1,0,0
134,Taric,1,0,0,0,0,645,99.0,6.0,0.5,300,60.0,8.5,0.8,40.0,40.0,28.0,2.05,55,3.5,0.625,2.0,150.0,340.0,675,585,2,1,0,1,1,0
135,Teemo,1,0,0,0,0,615,104.0,5.5,0.65,334,25.0,9.6,0.8,24.0,24.0,30.0,1.3,54,3.0,0.69,3.38,500.0,330.0,225,260,1,0,1,1,0,0
136,Thresh,1,0,0,0,0,620,130.0,7.0,0.55,274,44.0,6.0,0.45,33.0,33.0,30.0,1.55,56,2.2,0.625,3.5,450.0,330.0,1575,790,3,0,1,1,1,0
137,Tristana,1,0,0,0,0,640,102.0,4.0,0.5,300,32.0,7.2,0.8,30.0,30.0,28.0,1.3,60,2.5,0.656,1.5,550.0,325.0,675,585,1,0,1,1,0,1
138,Trundle,1,0,0,0,0,650,110.0,6.0,0.75,340,45.0,7.5,0.45,37.0,37.0,32.0,2.05,68,4.0,0.67,2.9,175.0,350.0,1575,790,1,1,0,1,0,0
139,Tryndamere,1,0,0,0,0,696,108.0,8.5,0.9,100,0.0,0.0,0.6,33.0,33.0,32.0,2.05,66,3.0,0.67,3.4,175.0,345.0,675,585,1,1,0,0,0,0
140,Twisted Fate,1,0,0,0,0,604,108.0,5.5,0.6,333,39.0,8.0,0.0,24.0,24.0,30.0,1.3,52,2.5,0.625,2.5,525.0,330.0,2400,585,2,0,1,1,0,0
141,Twitch,1,0,0,0,0,630,104.0,3.75,0.6,300,40.0,7.25,0.8,27.0,27.0,30.0,1.3,59,3.1,0.679,3.38,550.0,330.0,1575,790,2,0,1,1,0,0
142,Udyr,1,0,0,0,0,664,92.0,6.0,0.75,271,50.0,7.5,0.7,31.0,31.0,32.0,2.05,62,4.0,0.65,3.0,125.0,350.0,675,585,1,1,0,1,0,0
143,Urgot,1,0,0,0,0,655,102.0,7.5,0.7,340,45.0,7.25,0.45,36.0,36.0,32.0,2.05,63,4.0,0.625,3.75,350.0,330.0,1575,790,2,0,1,1,0,0
144,Varus,1,0,0,0,0,600,105.0,3.5,0.55,320,40.0,8.0,0.8,24.0,24.0,30.0,1.3,59,3.4,0.658,3.5,575.0,330.0,2400,880,2,0,1,1,0,0
145,Vayne,1,0,0,0,0,550,93.0,3.5,0.55,232,35.0,7.0,0.8,23.0,23.0,30.0,1.3,60,1.0,0.658,3.3,550.0,330.0,1575,790,2,0,1,1,0,1
146,Veigar,1,0,0,0,0,580,108.0,6.5,0.6,490,26.0,8.0,0.4,18.0,18.0,32.0,1.3,52,2.7,0.625,2.24,550.0,340.0,675,585,2,0,1,1,0,0
147,Vel'Koz,1,0,0,0,0,590,102.0,5.5,0.55,469,21.0,8.0,0.8,22.0,22.0,30.0,1.3,55,3.1416,0.643,1.59,525.0,340.0,1618,880,2,0,1,1,1,0
148,Vex,1,0,0,0,0,590,114.0,6.5,0.6,490,32.0,6.0,0.8,23.0,23.0,28.0,1.3,54,2.75,0.669,1.0,550.0,335.0,1575,790,2,0,1,1,0,1
149,Vi,1,0,0,0,0,655,99.0,10.0,1.0,295,65.0,8.0,0.8,30.0,30.0,32.0,2.05,63,3.0,0.644,2.0,125.0,340.0,675,585,1,1,0,1,0,1
150,Viego,1,0,0,0,0,630,109.0,7.0,0.7,0,0.0,0.0,0.65,34.0,34.0,32.0,2.05,57,3.5,0.658,2.5,200.0,345.0,2400,880,3,1,0,0,0,0
151,Viktor,1,0,0,0,0,600,92.0,8.0,0.65,405,45.0,8.0,0.0,23.0,23.0,30.0,1.3,53,3.0,0.658,2.11,525.0,335.0,2400,880,3,0,1,1,0,0
152,Vladimir,1,0,0,0,0,607,110.0,7.0,0.6,2,0.0,0.0,0.8,27.0,27.0,30.0,1.3,55,3.0,0.658,2.0,450.0,330.0,1575,790,3,0,1,0,0,0
153,Volibear,1,0,0,0,0,650,104.0,9.0,0.75,350,70.0,6.25,0.0,31.0,31.0,32.0,2.05,60,3.5,0.625,2.0,150.0,340.0,675,585,1,1,0,1,0,0
154,Warwick,1,0,0,0,0,620,99.0,4.0,0.75,280,35.0,7.45,0.5,33.0,33.0,32.0,2.05,60,2.75,0.638,2.3,125.0,335.0,225,260,1,1,0,1,0,0
155,Wukong,1,0,0,0,0,610,99.0,3.5,0.65,330,65.0,8.0,0.6,31.0,31.0,28.0,2.05,66,3.5,0.69,3.0,175.0,340.0,1575,790,1,1,0,1,0,0
156,Xayah,1,0,0,0,0,630,97.0,3.25,0.75,340,40.0,8.25,0.8,25.0,25.0,30.0,1.3,60,2.0,0.658,3.9,525.0,330.0,2400,880,2,0,1,1,0,1
157,Xerath,1,0,0,0,0,596,121.0,5.5,0.55,400,22.0,6.85,0.8,22.0,22.0,30.0,1.3,55,3.0,0.658,1.36,525.0,340.0,675,585,1,0,1,1,1,0
158,Xin Zhao,1,0,0,0,0,640,106.0,8.0,0.7,274,55.0,7.25,0.8,35.0,35.0,32.0,2.05,63,3.0,0.645,3.5,175.0,345.0,675,585,1,1,0,1,0,0
159,Yasuo,1,0,0,0,0,590,110.0,6.5,0.9,100,0.0,0.0,0.45,32.0,32.0,32.0,2.05,60,2.5,0.697,3.5,175.0,345.0,675,585,3,1,0,0,0,0
160,Yone,1,0,0,0,0,620,115.0,7.5,0.75,500,0.0,0.0,0.0,33.0,33.0,32.0,2.05,60,2.0,0.625,3.5,175.0,345.0,1575,790,3,1,0,0,0,0
161,Yorick,1,0,0,0,0,650,114.0,8.0,0.8,300,60.0,7.5,0.0,32.0,32.0,32.0,2.05,62,4.0,0.625,2.0,175.0,340.0,1575,790,2,1,0,1,0,0
162,Yunara,1,0,0,0,0,600,110.0,4.0,0.55,275,45.0,7.5,0.75,25.0,25.0,30.0,1.3,56,2.5,0.65,2.0,575.0,325.0,3150,975,2,0,1,1,0,1
163,Yuumi,1,0,0,0,0,500,69.0,5.0,0.55,440,45.0,10.0,0.4,25.0,25.0,25.0,1.1,49,3.1,0.625,1.0,425.0,330.0,225,260,1,0,1,1,1,1
164,Zac,1,0,0,0,0,685,109.0,5.0,0.5,0,0.0,0.0,0.0,33.0,33.0,32.0,2.05,60,3.4,0.736,1.6,175.0,340.0,2400,880,1,1,0,0,0,0
165,Zed,1,0,0,0,0,654,99.0,7.0,0.65,200,0.0,50.0,0.0,32.0,32.0,29.0,2.05,63,3.4,0.651,3.3,125.0,345.0,675,585,3,1,0,0,0,0
166,Zeri,1,0,0,0,0,600,110.0,3.25,0.7,250,45.0,6.0,0.8,24.0,24.0,30.0,1.3,56,2.0,0.658,2.0,500.0,330.0,2400,880,3,0,1,1,0,1
167,Ziggs,1,0,0,0,0,606,123.0,6.5,0.6,480,23.5,8.0,0.8,21.0,21.0,30.0,1.3,55,3.1,0.656,2.0,550.0,325.0,2400,880,1,0,1,1,0,0
168,Zilean,1,0,0,0,0,574,96.0,5.5,0.5,452,50.0,11.35,0.8,24.0,24.0,30.0,1.3,52,3.0,0.658,2.13,550.0,335.0,675,585,2,0,1,1,1,0
169,Zoe,1,0,0,0,0,630,135.0,7.5,0.6,425,25.0,8.0,0.65,21.0,21.0,30.0,1.3,58,3.3,0.658,2.5,550.0,340.0,2400,880,3,0,1,1,1,1
170,Zyra,1,0,0,0,0,574,93.0,5.5,0.5,418,25.0,7.0,0.8,29.0,29.0,30.0,1.3,53,3.2,0.681,2.11,575.0,340.0,1575,790,1,0,1,1,1,1
171,Abaddon,0,1,0,0,0,604,52.0,3.2,0.26,291,24.0,0.9,0.1,3.0,0.2505,25.0,0.18,22,2.6,95.0,1.5,150.0,325.0,0,0,1,1,0,1,1,0
172,Alchemist,0,1,0,0,0,626,54.0,2.55,0.27,375,21.6,1.25,0.09,4.0,0.2505,25.0,0.25,23,2.7,110.0,1.5,150.0,295.0,0,0,1,1,0,1,1,0
173,Ancient Apparition,0,1,0,0,0,560,38.0,2.25,0.19,351,37.2,1.15,0.155,2.0,0.334,25.0,0.23,20,1.9,100.0,2.0,675.0,285.0,0,0,2,0,1,1,1,0
174,Anti-Mage,0,1,0,0,0,582,32.0,3.1,0.16,219,21.6,0.6,0.09,5.0,0.4676,25.0,0.12,21,1.6,100.0,2.8,150.0,310.0,0,0,1,1,0,1,0,0
175,Arc Warden,0,1,0,0,0,560,48.0,2.25,0.24,363,31.2,1.2,0.13,3.0,0.501,25.0,0.24,20,2.4,100.0,3.0,625.0,285.0,0,0,3,0,1,1,0,0
176,Axe,0,1,0,0,0,670,56.0,5.0,0.28,291,19.2,0.9,0.08,2.0,0.2839,25.0,0.18,25,2.8,100.0,1.7,150.0,315.0,0,0,1,1,0,1,0,0
177,Bane,0,1,0,0,0,626,54.0,2.55,0.27,351,32.4,1.15,0.135,5.0,0.4509,25.0,0.23,23,2.7,100.0,2.7,400.0,305.0,0,0,2,0,1,1,1,0
178,Batrider,0,1,0,0,0,626,58.0,3.55,0.29,339,34.8,1.1,0.145,5.0,0.3006,25.0,0.22,23,2.9,100.0,1.8,400.0,320.0,0,0,2,0,1,1,0,0
179,Beastmaster,0,1,0,0,0,670,58.0,2.75,0.29,267,22.8,0.8,0.095,2.0,0.3173,25.0,0.16,25,2.9,100.0,1.9,150.0,305.0,0,0,2,1,0,1,0,0
180,Bloodseeker,0,1,0,0,0,648,54.0,2.65,0.27,279,24.0,0.85,0.1,6.0,0.5177,25.0,0.17,24,2.7,100.0,3.1,150.0,285.0,0,0,1,1,0,1,0,0
181,Bounty Hunter,0,1,0,0,0,538,50.0,2.65,0.25,315,22.8,1.5,0.095,9.0,0.4342,25.0,0.2,19,2.5,100.0,2.6,150.0,325.0,0,0,1,1,0,1,0,0
182,Brewmaster,0,1,0,0,0,626,74.0,2.8,0.37,279,19.2,0.85,0.08,3.0,0.334,25.0,0.17,23,3.7,100.0,2.0,150.0,310.0,0,0,3,1,0,1,0,0
183,Bristleback,0,1,0,0,0,604,54.0,3.2,0.27,243,33.6,1.1,0.14,4.0,0.3006,25.0,0.14,22,2.7,100.0,1.8,150.0,295.0,0,0,1,1,0,1,0,0
184,Broodmother,0,1,0,0,0,516,58.0,2.05,0.29,291,24.0,0.9,0.1,2.0,0.5678,25.0,0.18,18,2.9,125.0,3.4,175.0,285.0,0,0,2,1,0,1,0,1
185,Centaur Warrunner,0,1,0,0,0,714,80.0,5.7,0.4,255,19.2,0.75,0.08,1.0,0.167,25.0,0.15,27,4.0,90.0,1.0,150.0,305.0,0,0,1,1,0,1,0,0
186,Chaos Knight,0,1,0,0,0,648,62.0,2.65,0.31,291,14.4,0.9,0.06,5.0,0.3006,25.0,0.18,24,3.1,100.0,1.8,150.0,325.0,0,0,1,1,0,1,0,0
187,Chen,0,1,0,0,0,626,40.0,2.55,0.2,303,38.4,1.45,0.16,2.0,0.3507,25.0,0.19,23,2.0,100.0,2.1,650.0,305.0,0,0,3,0,1,1,1,0
188,Clinkz,0,1,0,0,0,494,40.0,1.95,0.2,327,26.4,1.05,0.11,4.0,0.4509,25.0,0.21,17,2.0,100.0,2.7,600.0,290.0,0,0,2,0,1,1,0,0
189,Clockwerk,0,1,0,0,0,692,64.0,3.1,0.32,291,20.4,0.9,0.085,3.0,0.3841,25.0,0.18,26,3.2,100.0,2.3,150.0,310.0,0,0,2,1,0,1,0,0
190,Crystal Maiden,0,1,0,0,0,494,44.0,1.95,0.22,291,39.6,0.9,0.165,3.0,0.3006,25.0,0.18,17,2.2,100.0,1.8,600.0,280.0,0,0,1,0,1,1,1,1
191,Dark Seer,0,1,0,0,0,560,52.0,3.0,0.26,327,32.4,1.05,0.135,4.0,0.2505,25.0,0.21,20,2.6,100.0,1.5,150.0,295.0,0,0,1,1,0,1,0,0
192,Dark Willow,0,1,0,0,0,560,40.0,2.75,0.2,327,42.0,1.05,0.175,3.0,0.2672,25.0,0.21,20,2.0,115.0,1.6,475.0,290.0,0,0,2,0,1,1,1,1
193,Dawnbreaker,0,1,0,0,0,670,68.0,3.0,0.34,315,24.0,1.0,0.1,4.0,0.2839,25.0,0.2,25,3.4,100.0,1.7,150.0,300.0,0,0,1,1,0,1,0,1
194,Dazzle,0,1,0,0,0,516,46.0,2.05,0.23,375,44.4,1.55,0.185,3.0,0.2839,25.0,0.25,18,2.3,100.0,1.7,575.0,305.0,0,0,1,0,1,1,1,0
195,Death Prophet,0,1,0,0,0,582,58.0,2.35,0.29,363,36.0,1.7,0.15,3.0,0.334,25.0,0.24,21,2.9,100.0,2.0,600.0,290.0,0,0,1,0,1,1,0,1
196,Disruptor,0,1,0,0,0,582,48.0,2.35,0.24,315,34.8,1.0,0.145,3.0,0.2338,25.0,0.2,21,2.4,100.0,1.4,625.0,295.0,0,0,2,0,1,1,1,0
197,Doom,0,1,0,0,0,648,70.0,3.06,0.35,255,20.4,0.75,0.085,5.0,0.2505,25.0,0.15,24,3.5,100.0,1.5,200.0,290.0,0,0,2,1,0,1,0,0
198,Dragon Knight,0,1,0,0,0,582,72.0,2.35,0.36,291,20.4,0.9,0.085,3.0,0.334,25.0,0.18,21,3.6,100.0,2.0,150.0,315.0,0,0,1,1,0,1,0,0
199,Drow Ranger,0,1,0,0,0,472,38.0,1.85,0.19,255,16.8,0.75,0.07,4.0,0.4843,25.0,0.15,16,1.9,100.0,2.9,625.0,310.0,0,0,1,0,1,1,0,1
200,Earth Spirit,0,1,0,0,0,604,76.0,3.2,0.38,291,25.2,0.9,0.105,3.0,0.4008,25.0,0.18,22,3.8,100.0,2.4,150.0,290.0,0,0,3,1,0,1,0,0
201,Earthshaker,0,1,0,0,0,604,74.0,3.2,0.37,291,25.2,0.9,0.105,4.0,0.2338,25.0,0.18,22,3.7,100.0,1.4,150.0,315.0,0,0,2,1,0,1,1,0
202,Elder Titan,0,1,0,0,0,692,60.0,3.35,0.3,351,19.2,1.4,0.08,3.0,0.3006,25.0,0.23,26,3.0,100.0,1.8,150.0,305.0,0,0,2,1,0,1,0,0
203,Ember Spirit,0,1,0,0,0,604,46.0,2.7,0.23,315,26.4,1.0,0.11,4.0,0.5344,25.0,0.2,22,2.3,100.0,3.2,150.0,300.0,0,0,2,1,0,1,0,0
204,Enchantress,0,1,0,0,0,494,40.0,1.95,0.2,339,48.0,1.6,0.2,4.0,0.3507,25.0,0.22,17,2.0,100.0,2.1,575.0,320.0,0,0,2,0,1,1,1,1
205,Enigma,0,1,0,0,0,582,50.0,2.35,0.25,303,43.2,1.45,0.18,3.0,0.167,25.0,0.19,21,2.5,100.0,1.0,500.0,280.0,0,0,2,0,1,1,0,0
206,Faceless Void,0,1,0,0,0,560,52.0,3.0,0.26,255,18.0,0.75,0.075,3.0,0.5511,25.0,0.15,20,2.6,100.0,3.3,150.0,300.0,0,0,2,1,0,1,0,0
207,Grimstroke,0,1,0,0,0,582,48.0,2.35,0.24,375,45.6,1.25,0.19,3.0,0.3173,25.0,0.25,21,2.4,100.0,1.9,600.0,290.0,0,0,2,0,1,1,1,0
208,Gyrocopter,0,1,0,0,0,604,50.0,2.45,0.25,327,28.8,1.05,0.12,5.0,0.5344,25.0,0.21,22,2.5,125.0,3.2,365.0,320.0,0,0,1,0,1,1,0,0
209,Hoodwink,0,1,0,0,0,494,40.0,1.95,0.2,327,34.8,1.05,0.145,4.0,0.6012,25.0,0.21,17,2.0,100.0,3.6,575.0,315.0,0,0,2,0,1,1,1,1
210,Huskar,0,1,0,0,0,626,66.0,2.55,0.33,291,18.0,0.9,0.075,2.0,0.2505,25.0,0.18,23,3.3,100.0,1.5,400.0,295.0,0,0,1,0,1,1,0,0
211,Invoker,0,1,0,0,0,538,50.0,2.15,0.25,315,48.0,1.0,0.2,1.0,0.334,25.0,0.2,19,2.5,100.0,2.0,600.0,285.0,0,0,3,0,1,1,0,0
214,Juggernaut,0,1,0,0,0,560,40.0,2.5,0.2,243,16.8,0.7,0.07,6.0,0.4676,25.0,0.14,20,2.0,110.0,2.8,150.0,300.0,0,0,1,1,0,1,0,0
215,Keeper of the Light,0,1,0,0,0,516,46.0,2.05,0.23,351,39.6,1.15,0.165,3.0,0.2672,25.0,0.23,18,2.3,100.0,1.6,600.0,320.0,0,0,2,0,1,1,1,0
216,Kez,0,1,0,0,0,538,56.0,3.4,0.28,315,20.4,1.0,0.085,6.0,0.5845,25.0,0.2,19,2.8,110.0,3.5,225.0,315.0,0,0,1,1,0,1,0,0
217,Kunkka,0,1,0,0,0,648,72.0,3.15,0.36,291,21.6,0.9,0.09,4.0,0.2672,25.0,0.18,24,3.6,100.0,1.6,150.0,315.0,0,0,2,1,0,1,1,0
218,Legion Commander,0,1,0,0,0,648,62.0,2.65,0.31,315,26.4,1.0,0.11,3.0,0.2839,25.0,0.2,24,3.1,100.0,1.7,150.0,325.0,0,0,1,1,0,1,0,1
219,Leshrac,0,1,0,0,0,560,56.0,2.25,0.28,339,42.0,1.1,0.175,4.0,0.4175,25.0,0.22,20,2.8,100.0,2.5,575.0,325.0,0,0,1,0,1,1,1,0
220,Lich,0,1,0,0,0,560,42.0,2.5,0.21,387,45.6,2.05,0.19,2.0,0.334,25.0,0.26,20,2.1,100.0,2.0,550.0,290.0,0,0,1,0,1,1,1,0
221,Lifestealer,0,1,0,0,0,626,48.0,2.55,0.24,255,21.6,0.75,0.09,4.0,0.3173,25.0,0.15,23,2.4,100.0,1.9,150.0,315.0,0,0,2,1,0,1,0,0
222,Lina,0,1,0,0,0,560,48.0,2.25,0.24,435,45.6,1.5,0.19,4.0,0.4008,25.0,0.3,20,2.4,100.0,2.4,670.0,290.0,0,0,1,0,1,1,1,1
223,Lion,0,1,0,0,0,516,48.0,2.3,0.24,303,42.0,0.95,0.175,3.0,0.2839,25.0,0.19,18,2.4,115.0,1.7,600.0,290.0,0,0,1,0,1,1,1,0
224,Lone Druid,0,1,0,0,0,516,50.0,2.05,0.25,231,16.8,0.65,0.07,3.0,0.4676,25.0,0.13,18,2.5,100.0,2.8,550.0,325.0,0,0,3,0,1,1,0,0
225,Luna,0,1,0,0,0,582,44.0,2.6,0.22,351,22.8,1.15,0.095,6.0,0.5678,25.0,0.23,21,2.2,100.0,3.4,330.0,325.0,0,0,1,0,1,1,0,1
226,Lycan,0,1,0,0,0,736,68.0,3.05,0.34,351,20.4,1.15,0.085,3.0,0.2839,25.0,0.23,28,3.4,110.0,1.7,150.0,305.0,0,0,2,1,0,1,0,0
227,Magnus,0,1,0,0,0,626,62.0,2.8,0.31,315,25.2,1.5,0.105,3.0,0.334,25.0,0.2,23,3.1,100.0,2.0,200.0,305.0,0,0,2,1,0,1,0,0
228,Marci,0,1,0,0,0,626,60.0,2.55,0.3,303,22.8,0.95,0.095,3.0,0.3674,25.0,0.19,23,3.0,100.0,2.2,150.0,315.0,0,0,2,1,0,1,1,1
229,Mars,0,1,0,0,0,626,74.0,2.55,0.37,327,26.4,1.55,0.11,2.0,0.2839,25.0,0.21,23,3.7,100.0,1.7,250.0,310.0,0,0,1,1,0,1,0,0
230,Medusa,0,1,0,0,0,120,0.0,0.25,0.0,375,43.2,1.25,0.18,3.0,0.6012,25.0,0.25,0,0.0,100.0,3.6,600.0,275.0,0,0,1,0,1,1,0,1
231,Meepo,0,1,0,0,0,648,44.0,2.65,0.22,291,22.8,1.15,0.095,6.0,0.3507,25.0,0.18,24,2.2,100.0,2.1,150.0,320.0,0,0,3,1,0,1,0,0
232,Mirana,0,1,0,0,0,560,44.0,2.25,0.22,339,22.8,1.5,0.095,2.0,0.5177,25.0,0.22,20,2.2,100.0,3.1,630.0,290.0,0,0,2,0,1,1,1,1
233,Monkey King,0,1,0,0,0,538,56.0,2.9,0.28,315,21.6,1.0,0.09,6.0,0.6179,25.0,0.2,19,2.8,100.0,3.7,300.0,300.0,0,0,2,1,0,1,0,0
234,Morphling,0,1,0,0,0,626,52.0,2.8,0.26,303,21.6,0.95,0.09,2.0,0.6513,25.0,0.19,23,2.6,100.0,3.9,350.0,285.0,0,0,3,0,1,1,0,0
235,Muerta,0,1,0,0,0,538,40.0,2.15,0.2,351,40.8,1.15,0.17,4.0,0.4509,25.0,0.23,19,2.0,115.0,2.7,575.0,295.0,0,0,1,0,1,1,0,1
236,Naga Siren,0,1,0,0,0,582,48.0,3.1,0.24,315,24.0,1.0,0.1,5.0,0.5511,25.0,0.2,21,2.4,110.0,3.3,150.0,330.0,0,0,2,1,0,1,1,1
237,Nature's Prophet,0,1,0,0,0,538,52.0,2.15,0.26,339,42.0,1.1,0.175,2.0,0.5344,25.0,0.22,19,2.6,100.0,3.2,620.0,295.0,0,0,2,0,1,1,0,0
238,Necrophos,0,1,0,0,0,516,46.0,2.05,0.23,351,32.4,1.15,0.135,4.0,0.2171,25.0,0.23,18,2.3,100.0,1.3,500.0,280.0,0,0,1,0,1,1,0,0
239,Night Stalker,0,1,0,0,0,626,60.0,3.8,0.3,255,19.2,1.0,0.08,5.0,0.3674,25.0,0.15,23,3.0,100.0,2.2,150.0,295.0,0,0,1,1,0,1,0,0
240,Nyx Assassin,0,1,0,0,0,494,54.0,3.7,0.27,327,31.2,1.05,0.13,4.0,0.4843,25.0,0.21,17,2.7,100.0,2.9,150.0,310.0,0,0,2,1,0,1,0,0
241,Ogre Magi,0,1,0,0,0,670,84.0,4.0,0.42,75,0.0,0.0,0.0,6.0,0.2505,25.0,0.0,25,4.2,100.0,1.5,150.0,290.0,0,0,1,1,0,1,1,0
242,Omniknight,0,1,0,0,0,604,62.0,2.45,0.31,267,25.2,0.8,0.105,5.0,0.334,25.0,0.16,22,3.1,100.0,2.0,150.0,310.0,0,0,1,1,0,1,1,0
243,Oracle,0,1,0,0,0,560,44.0,2.25,0.22,387,43.2,1.8,0.18,4.0,0.2839,25.0,0.26,20,2.2,100.0,1.7,625.0,295.0,0,0,3,0,1,1,1,0
244,Outworld Destroyer,0,1,0,0,0,582,58.0,3.1,0.29,435,50.4,1.5,0.21,5.0,0.2672,25.0,0.3,21,2.9,100.0,1.6,450.0,315.0,0,0,2,0,1,1,0,0
245,Pangolier,0,1,0,0,0,538,54.0,3.15,0.27,267,26.4,0.8,0.11,5.0,0.5344,25.0,0.16,19,2.7,100.0,3.2,150.0,295.0,0,0,2,1,0,1,0,0
246,Phantom Assassin,0,1,0,0,0,538,40.0,2.9,0.2,255,20.4,0.75,0.085,5.0,0.5678,25.0,0.15,19,2.0,110.0,3.4,150.0,310.0,0,0,1,1,0,1,0,1
247,Phantom Lancer,0,1,0,0,0,582,44.0,4.1,0.22,327,21.6,1.05,0.09,4.0,0.4676,25.0,0.21,21,2.2,110.0,2.8,225.0,285.0,0,0,2,1,0,1,0,0
249,Primal Beast,0,1,0,0,0,692,86.0,2.85,0.43,267,16.8,0.8,0.07,5.0,0.167,25.0,0.16,26,4.3,100.0,1.0,150.0,305.0,0,0,1,1,0,1,0,0
251,Pudge,0,1,0,0,0,670,60.0,5.0,0.3,267,21.6,0.8,0.09,2.0,0.2338,25.0,0.16,25,3.0,100.0,1.4,175.0,280.0,0,0,2,1,0,1,0,0
252,Pugna,0,1,0,0,0,538,40.0,2.15,0.2,387,62.4,1.8,0.26,4.0,0.2171,25.0,0.26,19,2.0,100.0,1.3,630.0,330.0,0,0,2,0,1,1,0,0
253,Queen of Pain,0,1,0,0,0,560,48.0,2.25,0.24,375,40.8,1.25,0.17,4.0,0.4175,25.0,0.25,20,2.4,100.0,2.5,550.0,290.0,0,0,2,0,1,1,0,1
254,Razor,0,1,0,0,0,604,56.0,3.2,0.28,327,26.4,1.05,0.11,4.0,0.4676,25.0,0.21,22,2.8,100.0,2.8,475.0,280.0,0,0,1,0,1,1,0,0
255,Riki,0,1,0,0,0,516,40.0,4.3,0.2,243,15.6,0.7,0.065,5.0,0.4008,25.0,0.14,18,2.0,90.0,2.4,150.0,315.0,0,0,1,1,0,1,0,0
256,Ringmaster,0,1,0,0,0,582,42.0,2.3,0.21,375,36.0,1.25,0.15,3.0,0.2338,25.0,0.25,21,2.1,100.0,1.4,575.0,310.0,0,0,1,0,1,1,0,0
257,Rubick,0,1,0,0,0,582,40.0,2.35,0.2,363,44.4,1.7,0.185,5.0,0.4175,25.0,0.24,21,2.0,100.0,2.5,550.0,290.0,0,0,3,0,1,1,1,0
258,Sand King,0,1,0,0,0,604,46.0,2.45,0.23,279,24.0,0.85,0.1,4.0,0.334,25.0,0.17,22,2.3,110.0,2.0,150.0,290.0,0,0,2,1,0,1,1,0
259,Shadow Demon,0,1,0,0,0,626,52.0,2.55,0.26,339,43.2,1.1,0.18,3.0,0.3674,25.0,0.22,23,2.6,100.0,2.2,500.0,290.0,0,0,2,0,1,1,1,0
260,Shadow Fiend,0,1,0,0,0,538,54.0,2.15,0.27,291,26.4,1.2,0.11,5.0,0.5845,25.0,0.18,19,2.7,100.0,3.5,525.0,305.0,0,0,2,0,1,1,0,0
261,Shadow Shaman,0,1,0,0,0,626,46.0,3.3,0.23,351,42.0,1.15,0.175,5.0,0.2672,25.0,0.23,23,2.3,100.0,1.6,400.0,285.0,0,0,1,0,1,1,1,0
262,Silencer,0,1,0,0,0,538,44.0,2.15,0.22,375,34.8,1.25,0.145,4.0,0.3674,25.0,0.25,19,2.2,110.0,2.2,600.0,290.0,0,0,2,0,1,1,1,0
263,Skywrath Mage,0,1,0,0,0,582,40.0,2.35,0.2,375,49.2,1.5,0.205,0.0,0.1336,25.0,0.25,21,2.0,90.0,0.8,625.0,325.0,0,0,1,0,1,1,1,0
264,Slardar,0,1,0,0,0,582,72.0,2.6,0.36,255,18.0,0.75,0.075,5.0,0.3507,25.0,0.15,21,3.6,100.0,2.1,150.0,300.0,0,0,2,1,0,1,0,0
265,Slark,0,1,0,0,0,560,42.0,2.25,0.21,267,22.8,0.8,0.095,4.0,0.2505,25.0,0.16,20,2.1,120.0,1.5,150.0,300.0,0,0,1,1,0,1,0,0
266,Snapfire,0,1,0,0,0,582,70.0,2.85,0.35,327,26.4,1.05,0.11,4.0,0.3173,25.0,0.21,21,3.5,100.0,1.9,400.0,300.0,0,0,1,0,1,1,1,1
267,Sniper,0,1,0,0,0,538,40.0,2.15,0.2,255,31.2,0.75,0.13,5.0,0.5344,25.0,0.15,19,2.0,100.0,3.2,550.0,285.0,0,0,1,0,1,1,0,0
268,Spectre,0,1,0,0,0,582,50.0,3.1,0.25,267,20.4,0.8,0.085,4.0,0.3507,25.0,0.16,21,2.5,90.0,2.1,150.0,290.0,0,0,2,1,0,1,0,1
269,Spirit Breaker,0,1,0,0,0,736,66.0,4.05,0.33,243,21.6,1.2,0.09,4.0,0.2839,25.0,0.14,28,3.3,100.0,1.7,170.0,295.0,0,0,1,1,0,1,0,0
270,Storm Spirit,0,1,0,0,0,582,40.0,2.6,0.2,351,44.4,1.15,0.185,5.0,0.4342,25.0,0.23,21,2.0,115.0,2.6,480.0,285.0,0,0,2,0,1,1,0,0
271,Sven,0,1,0,0,0,626,70.0,3.05,0.35,267,18.0,0.8,0.075,3.0,0.3674,25.0,0.16,23,3.5,110.0,2.2,150.0,325.0,0,0,1,1,0,1,0,0
273,Templar Assassin,0,1,0,0,0,582,48.0,3.1,0.24,315,24.0,1.0,0.1,4.0,0.5344,25.0,0.2,21,2.4,100.0,3.2,250.0,310.0,0,0,2,0,1,1,0,1
274,Terrorblade,0,1,0,0,0,516,40.0,2.3,0.2,303,19.2,0.95,0.08,9.0,0.668,25.0,0.19,18,2.0,110.0,4.0,150.0,315.0,0,0,2,1,0,1,0,0
275,Tidehunter,0,1,0,0,0,714,70.0,2.95,0.35,315,20.4,1.5,0.085,3.0,0.2505,25.0,0.2,27,3.5,100.0,1.5,150.0,300.0,0,0,1,1,0,1,0,0
276,Timbersaw,0,1,0,0,0,692,70.0,2.85,0.35,351,32.4,1.65,0.135,3.0,0.2672,25.0,0.23,26,3.5,100.0,1.6,150.0,285.0,0,0,2,1,0,1,0,0
277,Tinker,0,1,0,0,0,538,46.0,2.15,0.23,435,39.6,2.0,0.165,5.0,0.2338,25.0,0.3,19,2.3,100.0,1.4,500.0,310.0,0,0,2,0,1,1,0,0
278,Tiny,0,1,0,0,0,780,80.0,5.0,0.4,279,26.4,0.85,0.11,0.0,0.0,25.0,0.17,30,4.0,90.0,0.0,150.0,275.0,0,0,2,1,0,1,0,0
279,Treant Protector,0,1,0,0,0,670,68.0,2.75,0.34,315,21.6,1.25,0.09,2.0,0.3006,25.0,0.2,25,3.4,100.0,1.8,150.0,280.0,0,0,2,1,0,1,1,0
280,Troll Warlord,0,1,0,0,0,582,50.0,2.35,0.25,231,12.0,0.65,0.05,3.0,0.5511,25.0,0.13,21,2.5,100.0,3.3,500.0,290.0,0,0,2,0,1,1,0,0
281,Tusk,0,1,0,0,0,626,78.0,3.3,0.39,291,20.4,1.4,0.085,5.0,0.3173,25.0,0.18,23,3.9,100.0,1.9,150.0,310.0,0,0,1,1,0,1,0,0
282,Underlord,0,1,0,0,0,670,60.0,2.75,0.3,279,27.6,0.85,0.115,5.0,0.2672,25.0,0.17,25,3.0,100.0,1.6,200.0,290.0,0,0,2,1,0,1,1,0
283,Undying,0,1,0,0,0,604,48.0,1.95,0.24,399,33.6,1.6,0.14,3.0,0.2004,25.0,0.27,22,2.4,100.0,1.2,150.0,300.0,0,0,1,1,0,1,1,0
284,Ursa,0,1,0,0,0,670,48.0,3.0,0.24,267,18.0,0.8,0.075,4.0,0.4676,25.0,0.16,25,2.4,100.0,2.8,150.0,310.0,0,0,1,1,0,1,0,0
285,Vengeful Spirit,0,1,0,0,0,560,52.0,2.25,0.26,303,18.0,0.95,0.075,4.0,0.5344,25.0,0.19,20,2.6,100.0,3.2,400.0,295.0,0,0,1,0,1,1,1,1
286,Venomancer,0,1,0,0,0,538,42.0,2.15,0.21,303,21.6,0.95,0.09,4.0,0.4676,25.0,0.19,19,2.1,115.0,2.8,450.0,280.0,0,0,1,0,1,1,1,0
287,Viper,0,1,0,0,0,582,48.0,2.35,0.24,279,24.0,0.85,0.1,2.0,0.4509,25.0,0.17,21,2.4,120.0,2.7,575.0,275.0,0,0,1,0,1,1,0,0
288,Visage,0,1,0,0,0,604,56.0,2.45,0.28,339,34.8,1.1,0.145,2.0,0.2171,25.0,0.22,22,2.8,110.0,1.3,600.0,285.0,0,0,3,0,1,1,1,0
289,Void Spirit,0,1,0,0,0,604,52.0,2.45,0.26,363,37.2,1.8,0.155,3.0,0.3674,25.0,0.24,22,2.6,100.0,2.2,200.0,290.0,0,0,2,1,0,1,0,0
290,Warlock,0,1,0,0,0,604,48.0,2.45,0.24,375,37.2,1.25,0.155,3.0,0.167,25.0,0.25,22,2.4,90.0,1.0,600.0,300.0,0,0,1,0,1,1,1,0
291,Weaver,0,1,0,0,0,472,40.0,2.85,0.2,315,24.0,1.5,0.1,4.0,0.5511,25.0,0.2,16,2.0,120.0,3.3,425.0,275.0,0,0,2,0,1,1,0,0
292,Windranger,0,1,0,0,0,516,52.0,2.05,0.26,291,38.4,1.15,0.16,3.0,0.3173,25.0,0.18,18,2.6,90.0,1.9,600.0,290.0,0,0,2,0,1,1,1,1
293,Winter Wyvern,0,1,0,0,0,604,50.0,2.45,0.25,387,43.2,1.55,0.18,4.0,0.2839,25.0,0.26,22,2.5,100.0,1.7,425.0,285.0,0,0,2,0,1,1,1,1
294,Witch Doctor,0,1,0,0,0,560,42.0,2.25,0.21,339,37.2,1.1,0.155,2.0,0.2338,25.0,0.22,20,2.1,100.0,1.4,550.0,300.0,0,0,1,0,1,1,1,0
295,Wraith King,0,1,0,0,0,604,56.0,2.7,0.28,267,19.2,0.8,0.08,4.0,0.2839,25.0,0.16,22,2.8,100.0,1.7,150.0,310.0,0,0,1,1,0,1,1,0
296,Zeus,0,1,0,0,0,538,42.0,2.15,0.21,351,39.6,1.15,0.165,4.0,0.2004,25.0,0.23,19,2.1,100.0,1.2,380.0,315.0,0,0,1,0,1,1,0,0
297,Aamon,0,0,1,0,0,2614,152.0,8.0,0.4429,500,100.0,4.0,0.2,19.0,3.3571,15.0,1.6429,115,10.0,1.06,0.0136,3.0,250.0,32000,599,5,1,0,1,0,0
298,Akai,0,0,1,0,0,2669,228.0,8.4,0.6,500,100.0,4.0,0.2,24.0,3.7143,15.0,4.0,115,5.64,1.06,0.02,2.0,260.0,32000,599,3,1,0,1,0,0
299,Aldous,0,0,1,0,0,2668,190.0,9.8,0.4857,500,100.0,4.0,0.2,21.0,4.4286,15.0,2.5,129,10.71,1.08,0.01,1.0,260.0,32000,599,6,1,0,1,0,0
300,Alice,0,0,1,0,0,2573,169.5,7.2,0.3,750,150.0,6.0,0.3,21.0,4.2143,15.0,2.5,114,5.5,1.0,0.01,4.0,240.0,15000,399,7,0,1,1,0,1
301,Alpha,0,0,1,0,0,2646,219.0,7.8,0.5143,500,100.0,6.0,0.2,25.0,3.5,15.0,1.6429,121,8.36,1.08,0.0314,1.0,250.0,32000,599,1,1,0,1,0,0
302,Alucard,0,0,1,0,0,2443,225.0,7.8,0.4429,0,0.0,0.0,0.0,21.0,4.6429,15.0,2.5,123,8.64,1.03,0.0293,1.0,260.0,15000,399,4,1,0,0,0,0
303,Angela,0,0,1,0,0,2300,136.14,6.8,0.3,500,100.0,4.0,0.2,15.0,3.8571,15.0,2.5,115,7.21,1.13,0.01,4.0,240.0,24000,499,5,0,1,1,1,1
304,Argus,0,0,1,0,0,2628,183.0,8.0,0.4,0,0.0,0.0,0.0,21.0,4.0,15.0,2.5,111,6.0,1.13,0.01,1.0,260.0,32000,599,6,1,0,0,0,0
305,Arlott,0,0,1,0,0,2628,200.0,8.0,0.4429,0,0.0,0.0,0.0,21.0,4.3571,15.0,2.5,120,10.0,1.06,0.01,2.0,260.0,32000,599,5,1,0,0,0,0
306,Atlas,0,0,1,0,0,2819,228.0,3.0,0.9857,500,100.0,4.0,0.2,21.0,3.5,15.0,1.6429,135,8.86,1.03,0.0079,2.0,240.0,32000,599,5,1,0,1,0,0
307,Aulus,0,0,1,0,0,2758,205.0,10.2,0.4571,500,100.0,4.0,0.2,24.0,3.5,15.0,1.6429,90,12.71,1.06,0.0143,1.0,255.0,32000,599,4,1,0,1,0,0
308,Aurora,0,0,1,0,0,2380,151.14,6.8,0.3,500,100.0,4.0,0.2,17.0,4.0,15.0,2.5,110,8.21,1.01,0.015,4.0,250.0,24000,499,1,0,1,1,0,1
309,Badang,0,0,1,0,0,2708,220.0,8.0,0.4143,0,0.0,0.0,0.0,23.0,4.5714,15.0,2.5,111,9.5,1.05,0.03,1.0,255.0,32000,599,1,1,0,0,0,0
310,Balmond,0,0,1,0,0,2736,246.0,9.4,0.6,0,0.0,0.0,0.0,25.0,4.6429,15.0,2.5,119,8.43,0.99,0.02,1.0,260.0,6500,299,1,1,0,0,0,0
311,Bane,0,0,1,0,0,2381,245.0,8.4,0.6,500,100.0,4.0,0.2,23.0,4.3571,15.0,2.5,117,10.86,1.0,0.02,1.0,260.0,6500,299,3,1,0,1,0,0
312,Barats,0,0,1,0,0,2350,243.93,8.8,0.6,500,100.0,4.0,0.2,18.0,4.4286,15.0,2.5,135,5.14,1.2,0.01,1.0,268.0,32000,599,4,1,0,1,0,0
313,Baxia,0,0,1,0,0,2769,193.0,8.4,0.6,500,100.0,4.0,0.2,23.0,3.5,15.0,1.6429,125,5.64,1.12,0.02,2.0,240.0,32000,599,2,1,0,1,0,0
314,Beatrix,0,0,1,0,0,2550,153.5,7.2,0.2,0,0.0,0.0,0.0,20.0,3.1429,15.0,1.6429,110,10.0,1.06,0.025,6.0,257.0,32000,599,7,0,1,0,0,1
315,Belerick,0,0,1,0,0,2569,225.0,8.4,0.6,500,100.0,4.0,0.2,15.0,2.7857,15.0,1.6429,110,7.0,0.91,0.0121,1.0,250.0,32000,599,1,1,0,1,0,0
316,Benedetta,0,0,1,0,0,2569,163.0,6.6,0.4429,500,100.0,4.0,0.2,18.0,3.9286,15.0,2.5,113,10.21,0.98,0.0214,1.0,255.0,32000,599,7,1,0,1,0,1
317,Brody,0,0,1,0,0,2288,164.93,7.2,0.2286,500,100.0,4.0,0.2,20.0,3.2857,15.0,1.6429,105,10.0,1.07,0.05,4.0,253.0,32000,599,5,0,1,1,0,0
318,Bruno,0,0,1,0,0,2522,142.5,6.0,0.2143,500,100.0,4.0,0.2,17.0,4.2143,15.0,2.5,140,14.5,1.04,0.02,4.0,240.0,15000,399,5,0,1,1,0,0
319,Carmilla,0,0,1,0,0,2528,227.0,7.8,0.4429,500,100.0,4.0,0.2,25.0,3.5714,15.0,1.6429,126,9.21,0.96,0.0321,1.0,255.0,32000,599,4,1,0,1,1,1
320,Cecilion,0,0,1,0,0,2456,142.5,6.8,0.3,700,140.0,5.6,0.2714,18.0,3.1429,15.0,1.6429,105,4.71,1.11,0.0079,5.0,255.0,32000,599,4,0,1,1,0,0
321,Chang'e,0,0,1,0,0,2301,133.0,6.8,0.3,500,100.0,4.0,0.2,16.0,2.7857,15.0,1.6429,115,7.64,1.02,0.01,4.0,240.0,32000,599,3,0,1,1,0,1
322,Chip,0,0,1,0,0,2690,192.0,8.4,0.6,500,100.0,4.0,0.2,20.0,4.2143,15.0,2.5,112,6.79,1.1,0.02,1.0,260.0,32000,599,6,1,1,1,1,0
323,Chou,0,0,1,0,0,2708,202.0,7.8,0.4429,0,0.0,0.0,0.0,23.0,4.5714,15.0,2.5,121,10.07,1.14,0.0271,1.0,260.0,24000,499,7,1,0,0,0,0
324,Cici,0,0,1,0,0,2431,192.71,6.0,0.5714,0,0.0,0.0,0.0,18.0,4.0,10.0,2.5,129,6.93,1.14,0.0193,3.0,260.0,32000,599,2,1,0,0,0,1
325,Claude,0,0,1,0,0,2370,127.5,8.0,0.2286,0,0.0,0.0,0.0,14.0,3.0,15.0,1.6429,97,7.0,1.07,0.015,4.0,240.0,32000,599,6,0,1,0,0,0
326,Clint,0,0,1,0,0,2530,152.79,7.2,0.2143,500,100.0,4.0,0.2,20.0,4.2143,15.0,2.5,115,14.5,1.03,0.0286,4.0,240.0,15000,399,7,0,1,1,0,0
327,Cyclops,0,0,1,0,0,2400,171.21,7.6,0.3143,500,100.0,4.0,0.2,18.0,4.1429,15.0,2.5,112,5.79,1.01,0.01,4.0,240.0,15000,399,6,0,1,1,0,0
328,Diggie,0,0,1,0,0,2468,122.5,7.2,0.3,500,100.0,4.0,0.2,20.0,2.8571,15.0,2.5,115,7.21,1.03,0.01,4.0,250.0,24000,499,5,0,1,1,1,0
329,Dyrroth,0,0,1,0,0,2758,215.0,8.2,0.4857,0,0.0,0.0,0.0,22.0,3.7857,15.0,1.6429,117,10.64,1.0,0.03,1.0,265.0,32000,599,4,1,0,0,0,0
330,Edith,0,0,1,0,0,2549,210.0,9.0,0.6,0,0.0,0.0,0.0,17.0,3.8571,15.0,2.5,110,5.71,1.0,0.0,4.0,255.0,32000,599,3,1,1,0,0,1
331,Esmeralda,0,0,1,0,0,2573,191.5,7.2,0.3,500,100.0,4.0,0.2,21.0,3.8571,15.0,2.1429,114,5.5,1.05,0.01,2.0,240.0,32000,599,6,1,0,1,0,1
332,Estes,0,0,1,0,0,2221,123.5,7.2,0.3,500,100.0,4.0,0.2,13.0,3.7143,15.0,2.5,120,7.21,1.0,0.01,4.0,240.0,24000,499,3,0,1,1,1,0
333,Eudora,0,0,1,0,0,2403,169.14,7.6,0.3143,500,100.0,4.0,0.2,19.0,4.1429,15.0,2.5,112,5.79,1.12,0.01,4.0,250.0,2000,399,1,0,1,1,0,1
334,Fanny,0,0,1,0,0,2426,141.0,6.6,0.4143,100,0.0,3.0,0.0,16.0,3.7143,15.0,2.5,126,10.21,1.0,0.0229,1.0,265.0,24000,499,10,1,0,0,0,1
335,Faramis,0,0,1,0,0,2543,168.5,6.8,0.2857,500,100.0,4.0,0.2,20.0,3.2857,15.0,1.6429,143,5.21,1.05,0.0079,3.0,245.0,32000,599,4,0,1,1,1,0
336,Floryn,0,0,1,0,0,2401,132.5,7.6,0.3,500,100.0,4.0,0.2,12.0,4.0,15.0,2.5,119,7.36,1.04,0.01,4.0,240.0,32000,599,1,0,1,1,1,1
337,Franco,0,0,1,0,0,2600,281.0,9.2,0.6714,500,100.0,4.0,0.2,25.0,4.8571,15.0,2.5,116,7.21,1.02,0.015,1.0,260.0,32000,749,2,1,0,1,0,0
338,Fredrinn,0,0,1,0,0,2709,240.0,6.4,0.6,0,0.0,0.0,0.0,20.0,4.0,15.0,1.6429,126,8.14,1.06,0.02,2.0,260.0,32000,599,4,1,0,0,0,0
339,Freya,0,0,1,0,0,2801,205.0,9.8,0.4571,0,0.0,0.0,0.0,22.0,4.3571,15.0,2.5,109,8.71,1.03,0.0386,1.0,260.0,32000,599,5,1,0,0,0,1
340,Gatotkaca,0,0,1,0,0,2629,210.0,8.4,0.6,0,0.0,0.0,0.0,10.0,3.4286,15.0,2.5,128,7.14,1.01,0.0164,1.0,260.0,32000,599,1,1,0,0,0,0
341,Gloo,0,0,1,0,0,2819,240.0,12.4,0.6,500,100.0,4.0,0.2,18.0,3.3571,15.0,2.5,120,6.43,1.09,0.0079,2.0,245.0,32000,599,7,1,0,1,0,0
342,Gord,0,0,1,0,0,2478,175.0,6.4,0.3,500,100.0,4.0,0.2,13.0,4.0,15.0,2.5,110,6.14,1.0,0.01,4.0,240.0,24000,499,2,0,1,1,0,0
343,Granger,0,0,1,0,0,2260,140.0,5.4,0.2,0,0.0,0.0,0.0,15.0,4.0,15.0,2.5,116,15.0,1.08,0.015,4.0,240.0,32000,599,4,0,1,0,0,0
344,Grock,0,0,1,0,0,2819,240.0,8.4,0.6,0,0.0,0.0,0.0,21.0,3.3571,15.0,1.6429,135,8.21,1.0,0.0121,1.0,260.0,32000,599,6,1,0,0,0,0
345,Guinevere,0,0,1,0,0,2350,209.71,7.8,0.4429,0,0.0,0.0,0.0,18.0,3.5714,15.0,1.6429,126,9.21,1.03,0.0321,4.0,260.0,32000,599,4,1,0,0,0,1
346,Gusion,0,0,1,0,0,2578,165.0,7.8,0.4429,500,100.0,4.0,0.2,18.0,3.5,15.0,1.6429,119,8.21,1.0,0.025,1.0,260.0,32000,599,8,1,0,1,0,0
347,Hanabi,0,0,1,0,0,2260,128.36,6.0,0.2143,500,100.0,4.0,0.2,17.0,4.0714,15.0,2.5,105,8.0,1.17,0.025,4.0,245.0,32000,599,1,0,1,1,0,1
348,Hanzo,0,0,1,0,0,2594,145.0,7.0,0.4429,100,0.0,0.0,0.0,17.0,4.0,15.0,2.5,108,11.43,0.99,0.02,1.0,260.0,32000,599,8,1,0,0,0,0
349,Harith,0,0,1,0,0,2401,163.5,7.2,0.3,500,100.0,4.0,0.2,19.0,4.2857,15.0,2.5,114,5.21,1.04,0.015,4.0,240.0,32000,599,5,0,1,1,0,0
350,Harley,0,0,1,0,0,2501,132.5,7.2,0.3,500,100.0,4.0,0.2,19.0,3.7857,15.0,2.5,114,6.21,1.13,0.015,4.0,240.0,32000,599,6,0,1,1,0,0
351,Hayabusa,0,0,1,0,0,2429,156.5,7.4,0.4429,100,0.0,4.0,0.0,17.0,4.1429,15.0,2.5,117,9.57,0.99,0.0171,1.0,260.0,32000,599,5,1,0,0,0,0
352,Helcurt,0,0,1,0,0,2599,161.0,7.0,0.4429,500,100.0,4.0,0.2,17.0,4.0,15.0,2.5,121,11.0,1.11,0.0207,1.0,255.0,32000,599,5,1,0,1,0,0
353,Hilda,0,0,1,0,0,2789,240.0,8.4,0.6286,0,0.0,0.0,0.0,24.0,7.1429,15.0,4.0,123,6.79,1.0,0.02,1.0,260.0,24000,499,4,1,0,0,0,1
354,Hylos,0,0,1,0,0,2709,360.0,18.4,1.6,500,100.0,4.0,0.2,17.0,3.8571,15.0,2.5,105,6.64,1.08,0.02,2.0,260.0,32000,599,3,1,0,1,0,0
355,Irithel,0,0,1,0,0,2540,142.64,7.0,0.2286,100,0.0,5.0,0.0,17.0,4.1429,15.0,2.5,118,11.0,1.04,0.015,4.0,260.0,32000,599,5,0,1,0,0,1
356,Ixia,0,0,1,0,0,2620,148.5,8.0,0.2143,500,100.0,4.0,0.2,17.0,4.0,15.0,2.5,100,7.5,1.06,0.02,5.0,240.0,32000,599,4,0,1,1,0,1
358,Johnson,0,0,1,0,0,2809,235.0,8.4,0.6,0,0.0,0.0,0.0,27.0,4.9286,15.0,2.5,120,6.36,1.05,0.015,1.0,255.0,32000,599,5,1,0,0,1,0
359,Joy,0,0,1,0,0,2678,195.0,7.8,0.4429,0,0.0,0.0,0.0,20.0,4.1429,15.0,2.1429,119,9.71,1.0,0.0293,1.0,260.0,32000,599,9,1,0,0,0,1
360,Julian,0,0,1,0,0,2878,199.0,7.8,0.4571,500,100.0,4.0,0.2,24.0,3.5714,15.0,1.6429,128,9.21,1.04,0.0286,2.0,262.0,32000,599,2,1,0,1,0,0
361,Kadita,0,0,1,0,0,2370,165.79,7.2,0.3143,500,100.0,4.0,0.2,18.0,4.0,15.0,2.5,105,5.21,1.03,0.0171,4.0,240.0,32000,599,6,0,1,1,0,1
362,Kagura,0,0,1,0,0,2375,142.93,7.0,0.4143,500,100.0,4.0,0.2,19.0,2.9286,15.0,1.6429,118,8.0,1.0,0.01,4.0,240.0,32000,599,8,0,1,1,0,1
363,Kaja,0,0,1,0,0,2609,210.0,10.4,0.6,500,100.0,4.0,0.2,25.0,3.7857,15.0,2.1429,120,7.0,1.05,0.02,4.0,270.0,32000,599,7,1,0,1,1,0
364,Kalea,0,0,1,0,0,2500,225.0,7.8,0.6,0,0.0,0.0,0.0,18.0,4.5,15.0,2.5,126,9.21,1.01,0.02,1.0,260.0,32000,599,7,1,0,0,1,1
365,Karina,0,0,1,0,0,2633,187.79,7.8,0.4429,500,100.0,4.0,0.2,20.0,4.5,15.0,2.5,121,8.21,1.09,0.0293,1.0,260.0,32000,599,4,1,0,1,0,1
366,Karrie,0,0,1,0,0,2278,165.0,8.0,0.2143,500,100.0,4.0,0.2,17.0,4.2857,15.0,2.5,120,12.5,1.01,0.02,4.0,240.0,24000,499,4,0,1,1,0,1
367,Khaleed,0,0,1,0,0,2778,210.0,7.0,0.4429,0,0.0,0.0,0.0,23.0,4.5714,15.0,2.5,109,11.21,1.0,0.015,2.0,250.0,32000,599,5,1,0,0,0,0
368,Khufra,0,0,1,0,0,2779,240.0,9.4,0.6286,500,100.0,4.0,0.2,19.0,7.1429,15.0,4.0,117,6.21,1.05,0.0171,2.0,255.0,32000,599,5,1,1,1,0,0
369,Kimmy,0,0,1,0,0,2450,117.5,8.0,0.2286,0,0.0,0.0,0.0,22.0,3.3571,15.0,2.1429,90,9.0,1.05,0.0,5.0,245.0,32000,599,6,0,1,0,0,1
370,Lancelot,0,0,1,0,0,2549,147.0,7.0,0.4429,500,100.0,4.0,0.2,16.0,3.1429,15.0,1.6429,124,11.79,1.07,0.0186,1.0,260.0,32000,599,5,1,0,1,0,0
371,Lapu-Lapu,0,0,1,0,0,2628,213.29,7.0,0.4,0,0.0,0.0,0.0,21.0,3.5714,15.0,1.6429,119,8.21,1.0,0.02,1.0,260.0,32000,599,5,1,0,0,0,0
372,Layla,0,0,1,0,0,2250,151.36,5.4,0.2,500,100.0,4.0,0.2,15.0,4.0,15.0,2.5,125,7.5,0.98,0.0221,4.0,240.0,2000,299,1,0,1,1,0,1
373,Leomord,0,0,1,0,0,2908,202.86,7.0,0.4429,0,0.0,0.0,0.0,21.0,3.7857,15.0,1.6429,148,8.64,1.13,0.015,1.0,240.0,32000,599,6,1,0,0,0,0
374,Lesley,0,0,1,0,0,2280,140.5,7.2,0.2286,100,0.0,3.0,0.0,14.0,3.7857,15.0,2.1429,140,7.0,0.98,0.015,6.0,240.0,32000,599,4,0,1,0,0,1
375,Ling,0,0,1,0,0,2528,135.0,7.8,0.4429,100,0.0,4.0,0.0,18.0,4.5,15.0,2.5,125,8.21,1.02,0.0179,1.0,260.0,32000,599,7,1,0,0,0,0
376,Lolita,0,0,1,0,0,2451,168.0,9.6,0.6,500,100.0,4.0,0.2,20.0,3.6429,15.0,2.5,115,6.86,1.14,0.0129,1.0,260.0,32000,599,4,1,0,1,1,1
377,Lukas,0,0,1,0,0,2250,223.43,8.0,0.4429,0,0.0,0.0,0.0,21.0,4.4286,15.0,2.5,119,9.21,1.0,0.01,1.0,260.0,32000,599,4,1,0,0,0,0
378,Lunox,0,0,1,0,0,2500,159.64,6.8,0.3,500,100.0,4.0,0.2,15.0,2.6429,15.0,1.6429,115,6.21,1.0,0.01,5.0,240.0,32000,599,9,0,1,1,0,1
379,Luo Yi,0,0,1,0,0,2601,182.5,7.2,0.2857,500,100.0,4.0,0.2,20.0,3.8571,15.0,2.1429,107,6.14,1.08,0.0093,4.0,250.0,32000,599,5,0,1,1,0,1
380,Lylia,0,0,1,0,0,2501,134.5,6.8,0.3,500,100.0,4.0,0.2,17.0,3.1429,15.0,1.6429,113,6.71,1.01,0.0121,4.0,245.0,32000,599,5,1,0,1,0,1
381,Martis,0,0,1,0,0,2738,204.0,7.0,0.4,0,0.0,0.0,0.0,25.0,4.6429,15.0,2.5,128,8.71,1.14,0.025,1.0,260.0,32000,599,4,1,0,0,0,0
382,Masha,0,0,1,0,0,2043,165.0,3.8,0.4429,0,0.0,0.0,0.0,15.0,2.5,15.0,3.7143,91,9.71,1.01,0.035,1.0,250.0,32000,599,3,1,0,0,0,1
383,Mathilda,0,0,1,0,0,2651,188.5,6.8,0.2857,500,100.0,4.0,0.2,22.0,4.1429,15.0,2.5,120,6.71,1.0,0.005,4.0,252.0,32000,599,4,0,1,1,1,1
384,Melissa,0,0,1,0,0,2288,160.0,6.6,0.2143,500,100.0,4.0,0.2,18.0,4.2857,15.0,2.5,123,7.0,0.96,0.01,4.0,248.0,32000,599,4,0,1,1,0,1
385,Minotaur,0,0,1,0,0,2859,249.0,8.8,0.6,0,0.0,0.0,0.0,18.0,3.9286,10.0,2.5,123,5.14,0.98,0.0186,1.0,260.0,15000,399,4,1,0,0,1,0
386,Minsitthar,0,0,1,0,0,2698,198.0,7.4,0.4143,500,100.0,4.0,0.2,23.0,4.5714,15.0,2.5,121,9.21,1.14,0.0329,1.0,260.0,32000,599,4,1,0,1,0,0
387,Miya,0,0,1,0,0,2225,153.0,6.0,0.2143,500,100.0,4.0,0.2,17.0,4.0714,15.0,2.5,115,10.0,1.0,0.025,4.0,240.0,10800,399,1,0,1,1,0,1
388,Moskov,0,0,1,0,0,2255,143.0,6.4,0.2143,500,100.0,4.0,0.2,16.0,4.2143,15.0,2.5,125,12.5,1.14,0.0057,4.0,240.0,32000,599,5,0,1,1,0,0
389,Nana,0,0,1,0,0,2501,130.0,6.8,0.3,500,100.0,4.0,0.2,17.0,3.0,15.0,1.6429,115,7.29,0.98,0.025,4.0,250.0,6500,299,1,0,1,1,0,1
390,Natalia,0,0,1,0,0,2639,164.0,7.0,0.4429,0,0.0,0.0,0.0,18.0,4.0714,15.0,2.5,121,8.71,1.0,0.0136,2.0,260.0,32000,599,9,1,0,0,0,1
391,Natan,0,0,1,0,0,2285,159.86,6.0,0.2143,500,100.0,4.0,0.2,17.0,3.2857,15.0,1.6429,110,11.0,1.0,0.0093,4.0,245.0,32000,599,2,0,1,1,0,0
392,Nolan,0,0,1,0,0,2549,147.0,7.0,0.4429,100,0.0,5.0,0.0,16.0,4.0,15.0,2.5,124,11.79,0.99,0.0179,2.0,260.0,32000,599,6,1,0,0,0,0
393,Novaria,0,0,1,0,0,2401,130.5,6.8,0.3,500,100.0,4.0,0.2,12.0,3.1429,15.0,2.1429,115,6.21,1.11,0.01,5.0,240.0,32000,599,6,0,1,1,0,1
394,Odette,0,0,1,0,0,2491,142.14,6.8,0.3,500,100.0,4.0,0.2,18.0,3.0,15.0,1.6429,105,5.21,1.05,0.0171,4.0,240.0,32000,599,2,0,1,1,0,1
395,Paquito,0,0,1,0,0,2798,190.0,9.8,0.4429,0,0.0,0.0,0.0,22.0,3.7143,15.0,1.6429,121,10.07,1.01,0.0271,1.0,260.0,32000,599,8,1,0,0,0,0
396,Pharsa,0,0,1,0,0,2421,131.0,6.8,0.3,500,100.0,4.0,0.2,17.0,4.0,15.0,2.5,109,6.43,1.21,0.0093,4.0,240.0,32000,599,3,0,1,1,0,1
397,Phoveus,0,0,1,0,0,2828,205.0,10.8,0.4857,0,0.0,0.0,0.0,25.0,4.4286,15.0,2.5,132,7.71,0.98,0.0086,1.0,252.0,32000,599,4,1,0,0,0,0
398,Popol and Kupa,0,0,1,0,0,2425,140.0,6.0,0.2143,500,100.0,4.0,0.2,17.0,3.5714,15.0,2.5,95,7.0,1.0,0.01,4.0,250.0,32000,599,5,0,1,1,0,0
399,Rafaela,0,0,1,0,0,2320,139.14,7.2,0.3,500,100.0,4.0,0.2,15.0,3.9286,15.0,2.5,117,7.21,1.22,0.01,4.0,245.0,6500,299,2,0,1,1,1,1
400,Roger,0,0,1,0,0,2730,168.5,7.2,0.2143,500,100.0,4.0,0.2,22.0,4.2143,15.0,2.5,128,13.5,0.98,0.0143,4.0,240.0,24000,499,5,1,1,1,0,0
401,Ruby,0,0,1,0,0,2509,170.0,6.0,0.5714,500,100.0,6.0,0.2,18.0,4.0,10.0,2.5,129,6.93,1.07,0.0193,2.0,260.0,32000,599,4,1,0,1,0,1
402,Saber,0,0,1,0,0,2440,180.0,7.0,0.4429,500,100.0,4.0,0.2,20.0,4.0714,15.0,2.5,118,9.71,1.02,0.02,1.0,260.0,6500,299,1,1,0,1,0,0
403,Selena,0,0,1,0,0,2401,184.5,6.8,0.3,500,100.0,4.0,0.2,15.0,3.1429,15.0,1.6429,110,6.71,0.87,0.015,4.0,240.0,32000,599,7,1,1,1,0,1
404,Silvanna,0,0,1,0,0,2650,212.0,7.8,0.4429,500,100.0,4.0,0.2,22.0,4.5,15.0,2.5,126,9.21,0.92,0.03,1.0,255.0,32000,599,2,1,0,1,0,1
405,Sun,0,0,1,0,0,2758,220.0,8.2,0.5429,500,100.0,4.0,0.2,23.0,4.5,15.0,2.5,114,6.64,1.1,0.0307,1.0,260.0,32000,599,3,1,0,1,0,0
406,Suyou,0,0,1,0,0,2549,147.0,7.0,0.4429,0,0.0,0.0,0.0,16.0,4.0,15.0,2.9286,124,11.79,0.98,0.02,2.0,225.0,32000,599,7,1,0,0,0,0
407,Terizla,0,0,1,0,0,2728,215.0,10.8,0.4857,500,100.0,4.0,0.2,19.0,3.5714,15.0,1.6429,129,12.71,0.94,0.0,2.0,255.0,32000,599,2,1,0,1,0,0
408,Thamuz,0,0,1,0,0,2758,213.0,7.4,0.4,0,0.0,0.0,0.0,17.0,4.5,15.0,2.5,107,8.21,0.97,0.015,1.0,250.0,32000,599,4,1,0,0,0,0
409,Tigreal,0,0,1,0,0,2581,307.0,8.4,0.6,500,100.0,4.0,0.2,20.0,5.3571,15.0,4.0,112,6.79,1.07,0.02,1.0,260.0,6500,299,1,1,0,1,0,0
410,Uranus,0,0,1,0,0,2489,180.0,6.4,0.5714,500,100.0,4.0,0.2,14.0,2.3571,15.0,0.6429,115,7.29,0.94,0.0193,1.0,260.0,32000,599,3,1,0,1,0,0
411,Vale,0,0,1,0,0,2280,141.64,6.8,0.3,500,100.0,4.0,0.2,15.0,4.0,15.0,0.0,115,7.14,1.0,0.01,4.0,250.0,32000,599,2,0,1,1,0,0
412,Valentina,0,0,1,0,0,2701,187.5,7.2,0.3,500,100.0,4.0,0.2,21.0,3.8571,15.0,1.6429,115,6.43,0.99,0.0093,4.0,240.0,32000,599,8,0,1,1,0,1
413,Valir,0,0,1,0,0,2390,151.5,6.8,0.3,500,100.0,4.0,0.2,20.0,4.0714,15.0,2.5,105,4.71,1.06,0.01,4.0,245.0,32000,599,4,0,1,1,0,0
414,Vexana,0,0,1,0,0,2481,137.5,7.6,0.3,500,100.0,4.0,0.2,17.0,3.2857,15.0,1.6429,112,5.79,1.13,0.01,4.0,245.0,32000,599,1,0,1,1,0,1
415,Wanwan,0,0,1,0,0,2540,133.5,5.4,0.2,500,100.0,4.0,0.2,15.0,3.1429,15.0,1.6429,95,10.5,1.01,0.0121,4.0,245.0,32000,599,6,0,1,1,0,1
416,X.Borg,0,0,1,0,0,998,109.0,7.8,0.4143,0,0.0,0.0,0.0,25.0,4.6429,15.0,2.5,117,8.21,1.09,0.01,3.0,260.0,32000,599,4,1,0,1,0,0
417,Xavier,0,0,1,0,0,2616,142.5,6.8,0.3,500,100.0,4.0,0.2,15.0,3.1429,15.0,1.6429,111,6.21,1.05,0.0079,4.0,250.0,32000,599,3,0,1,1,0,0
418,Yi Sun-shin,0,0,1,0,0,2570,132.5,7.2,0.2286,500,100.0,4.0,0.2,22.0,3.3571,15.0,1.6429,100,8.0,1.09,0.01,4.0,250.0,32000,599,7,1,1,1,0,0
419,Yin,0,0,1,0,0,2578,190.0,9.8,0.4429,0,0.0,0.0,0.0,21.0,3.5714,15.0,1.6429,109,7.21,1.07,0.0271,1.0,252.0,32000,599,4,1,0,0,0,0
420,Yu Zhong,0,0,1,0,0,2698,195.0,11.8,0.4857,0,0.0,0.0,0.0,21.0,4.4286,15.0,2.5,129,11.71,1.03,0.0079,1.0,245.0,32000,599,7,1,0,0,0,0
421,Yve,0,0,1,0,0,2530,181.14,7.2,0.3,500,100.0,4.0,0.2,19.0,3.3571,15.0,1.6429,115,6.43,0.98,0.0093,4.0,255.0,32000,599,7,0,1,1,0,1
422,Zetian,0,0,1,0,0,2550,135.0,6.8,0.3,500,100.0,4.0,0.2,18.0,3.8571,15.0,2.5,0,0.0,1.08,0.01,5.0,240.0,32000,599,2,0,1,1,0,1
423,Zhask,0,0,1,0,0,2280,141.14,6.8,0.3,500,100.0,4.0,0.2,15.0,3.4286,15.0,2.5,107,7.21,1.0,0.01,4.0,240.0,32000,599,4,0,1,1,0,0
424,Zhuxin,0,0,1,0,0,2280,141.14,7.2,0.3,1200,0.0,9.6,0.0,20.0,3.5,15.0,2.5,115,6.43,1.14,0.01,4.0,245.0,32000,599,3,0,1,1,0,1
425,Zilong,0,0,1,0,0,2689,202.0,7.0,0.4,500,100.0,4.0,0.2,25.0,4.6429,15.0,2.5,123,6.64,0.9,0.0236,1.0,265.0,15000,399,1,1,0,1,0,0
426,Abathur,0,0,0,1,0,685,4.0,1.4257,4.0,0,0.0,0.0,0.0,0.0,0.0,0.0,0.0,26,4.0,1.43,0.0,1.0,4.8398,10000,750,3,1,0,0,1,0
427,Alarak,0,0,0,1,0,1950,4.0,4.0625,4.0,500,10.0,3.0,0.0975,0.0,0.0,0.0,0.0,160,4.0,1.2,0.0,1.0,4.8398,7000,625,2,1,0,1,0,0
428,Alexstrasza,0,0,0,1,0,1698,4.0,3.539,4.0,500,10.0,3.0,0.0975,0.0,0.0,0.0,0.0,73,4.0,1.0,0.0,5.0,4.8398,10000,750,1,0,1,1,1,1
429,Ana,0,0,0,1,0,1598,4.0,3.3281,4.0,500,10.0,3.0,0.0975,0.0,0.0,0.0,0.0,30,4.0,1.33,0.0,6.0,4.8398,10000,750,2,0,1,1,1,1
430,Anduin,0,0,0,1,0,1665,4.0,3.4687,4.0,500,10.0,3.0,0.0975,0.0,0.0,0.0,0.0,85,4.0,1.0,0.0,5.0,4.8398,10000,750,1,0,1,1,1,0
431,Anub'arak,0,0,0,1,0,2150,4.0,4.4804,4.0,500,10.0,3.0,0.0975,0.0,0.0,0.0,0.0,81,4.0,1.0,0.0,1.0,4.8398,4000,500,1,1,0,1,0,0
432,Artanis,0,0,0,1,0,2490,4.0,5.1875,4.0,500,10.0,3.0,0.0975,0.0,0.0,0.0,0.0,111,4.0,1.0,0.0,1.0,4.8398,7000,625,2,1,0,1,0,0
433,Arthas,0,0,0,1,0,2980,4.0,6.208,4.0,500,10.0,1.5,0.0975,0.0,0.0,0.0,0.0,95,4.0,1.0,0.0,2.0,4.8398,7000,625,1,1,0,1,0,0
434,Auriel,0,0,0,1,0,1700,4.0,3.539,4.0,0,0.0,0.0,0.0,0.0,0.0,0.0,0.0,64,4.0,1.25,0.0,5.0,4.8398,10000,750,1,0,1,0,1,1
435,Azmodan,0,0,0,1,0,2464,4.0,5.1328,4.0,500,10.0,1.0,0.0975,0.0,0.0,0.0,0.0,85,4.0,1.0,0.0,5.0,4.8398,2000,300,1,0,1,1,0,0
436,Baleog - The Lost Vikings,0,0,0,1,0,1130,0.0,2.3554,0.0,0,0.0,0.0,0.0,0.0,0.0,0.0,0.0,75,0.0,1.0,0.0,4.0,4.8398,10000,750,2,0,1,0,1,0
437,Blaze,0,0,0,1,0,2900,4.0,6.04,4.0,500,10.0,3.0,0.0975,0.0,0.0,0.0,0.0,60,4.0,1.0,0.0,4.0,4.8398,10000,750,1,0,1,1,0,0
438,Brightwing,0,0,0,1,0,1425,4.0,2.9687,4.0,500,10.0,3.0,0.0975,0.0,0.0,0.0,0.0,81,4.0,1.11,0.0,5.0,4.8398,7000,625,2,0,1,1,1,1
439,Cassia,0,0,0,1,0,1660,4.0,3.46,4.0,500,10.0,3.0,0.0975,0.0,0.0,0.0,0.0,125,4.0,1.11,0.0,4.0,4.8398,10000,750,1,0,1,1,0,0
440,Chen,0,0,0,1,0,2473,4.0,5.1523,4.0,0,0.0,0.0,0.0,0.0,0.0,0.0,0.0,90,4.0,1.11,0.0,2.0,4.8398,4000,500,1,1,0,0,0,0
441,Cho'gall,0,0,0,1,0,2950,4.5,6.1445,4.5,0,0.0,0.0,0.0,25.0,0.0,25.0,0.0,130,4.5,0.91,0.0,2.0,4.8398,10000,750,1,1,1,0,0,0
442,Chromie,0,0,0,1,0,1390,4.0,2.8984,4.0,500,10.0,3.0,0.0975,0.0,0.0,0.0,0.0,82,4.0,1.0,0.0,7.0,4.8398,10000,750,2,0,1,1,0,1
443,D.Va (Mech),0,0,0,1,0,2150,4.0,4.4792,4.0,0,0.0,0.0,0.0,0.0,0.0,0.0,0.0,22,4.0,4.0,0.0,3.0,4.8398,7000,625,1,0,1,0,0,1
444,D.Va (Pilot),0,0,0,1,0,1109,4.0,2.5664,4.0,0,0.0,2.2,0.0,0.0,0.0,0.0,0.0,55,4.0,4.0,0.0,5.0,4.8398,7000,625,1,0,1,0,0,1
445,Deathwing,0,0,0,1,0,2750,4.0,5.7292,4.0,0,0.0,5.0,0.0,40.0,0.0,40.0,0.0,155,4.0,0.67,0.0,2.0,4.8398,15000,1000,2,1,0,0,0,0
446,Deckard,0,0,0,1,0,1780,4.0,3.7083,4.0,500,10.0,3.0,0.0975,0.0,0.0,0.0,0.0,63,4.0,0.91,0.0,1.0,4.8398,10000,750,1,1,0,1,1,0
447,Dehaka,0,0,0,1,0,2358,4.0,4.9687,4.0,500,10.0,3.0,0.0975,0.0,0.0,0.0,0.0,95,4.0,1.25,0.0,1.0,4.8398,10000,750,2,1,0,1,0,0
448,Diablo,0,0,0,1,0,2825,4.0,5.5625,4.0,500,10.0,3.0,0.0975,0.0,0.0,0.0,0.0,105,4.0,0.95,0.0,1.0,4.8398,2000,300,1,1,0,1,0,0
449,E.T.C.,0,0,0,1,0,2280,4.0,4.75,4.0,500,10.0,3.0,0.0975,0.0,0.0,0.0,0.0,99,4.0,1.25,0.0,1.0,4.8398,2000,300,1,1,0,1,0,0
450,Erik - The Lost Vikings,0,0,0,1,0,804,0.0,1.6757,0.0,0,0.0,0.0,0.0,0.0,0.0,0.0,0.0,62,0.0,2.0,0.0,6.0,5.5664,10000,750,2,0,1,0,1,0
451,Falstad,0,0,0,1,0,1365,4.0,2.8437,4.0,500,10.0,3.0,0.0975,0.0,0.0,0.0,0.0,104,4.0,1.43,0.0,5.0,4.8398,7000,625,1,0,1,1,0,0
452,Fenix,0,0,0,1,0,1140,4.0,2.379,4.0,0,0.0,0.0,0.0,0.0,0.0,0.0,0.0,83,4.0,0.74,0.0,5.0,4.8398,10000,750,1,0,1,0,0,0
453,Garrosh,0,0,0,1,0,2060,4.0,4.293,4.0,500,10.0,3.0,0.0975,0.0,0.0,0.0,0.0,137,4.0,0.83,0.0,1.0,4.8398,10000,750,1,1,0,1,0,0
454,Gazlowe,0,0,0,1,0,2275,4.0,4.74,4.0,0,0.0,2.0,0.0975,12.5,0.0,12.5,0.0,100,4.0,1.25,0.0,1.0,4.8398,2000,300,1,1,0,0,0,0
455,Genji,0,0,0,1,0,1675,4.0,3.4882,4.0,500,10.0,3.0,0.0975,0.0,0.0,0.0,0.0,44,4.0,1.0,0.0,4.0,4.8398,10000,750,2,0,1,1,0,0
456,Greymane,0,0,0,1,0,1876,4.5,3.9062,4.5,500,10.0,3.0,0.0975,5.0,0.0,5.0,0.0,148,4.0,1.0,0.0,5.0,4.8398,7000,625,2,0,1,1,0,0
457,Gul'dan,0,0,0,1,0,1700,4.0,3.543,4.0,500,10.0,0.0,0.0,0.0,0.0,0.0,0.0,60,4.0,1.0,0.0,5.0,4.8398,7000,625,1,0,1,1,0,0
458,Hanzo,0,0,0,1,0,1375,4.0,2.8632,4.0,500,10.0,3.0,0.0975,0.0,0.0,0.0,0.0,198,4.0,0.67,0.0,6.0,4.8398,10000,750,0,0,1,1,0,0
459,Hogger,0,0,0,1,0,2260,4.0,4.711,4.0,0,0.0,3.0,0.0975,0.0,0.0,0.0,0.0,150,4.0,0.73,0.0,2.0,4.8398,10000,750,1,1,0,0,0,0
460,Illidan,0,0,0,1,0,1725,4.0,3.5898,4.0,0,0.0,0.0,0.0,0.0,0.0,0.0,0.0,78,4.0,1.82,0.0,1.0,4.8398,4000,500,1,1,0,0,0,0
461,Imperius,0,0,0,1,0,2375,4.0,4.95,4.0,500,10.0,3.0,0.0975,0.0,0.0,0.0,0.0,126,4.0,0.83,0.0,2.0,4.8398,10000,750,1,1,0,1,0,0
462,Jaina,0,0,0,1,0,1365,4.0,2.8437,4.0,500,10.0,3.0,0.0975,0.0,0.0,0.0,0.0,60,4.0,1.0,0.0,5.0,4.8398,4000,500,1,0,1,1,0,1
463,Johanna,0,0,0,1,0,2625,4.0,5.4687,4.0,500,10.0,3.0,0.0975,0.0,0.0,0.0,0.0,99,4.0,0.91,0.0,1.0,4.8398,4000,500,1,1,0,1,0,1
464,Junkrat,0,0,0,1,0,1425,4.0,2.9687,4.0,0,0.0,0.0,0.0,0.0,0.0,0.0,0.0,120,4.0,1.0,0.0,5.0,4.8398,10000,750,1,0,1,0,0,0
465,Kael'thas,0,0,0,1,0,1595,4.0,3.3164,4.0,500,10.0,3.0,0.0975,0.0,0.0,0.0,0.0,65,4.0,1.11,0.0,5.0,4.8398,7000,625,2,0,1,1,0,0
466,Kel'Thuzad,0,0,0,1,0,1490,4.0,3.0976,4.0,500,10.0,3.0,0.0975,0.0,0.0,0.0,0.0,72,4.0,1.0,0.0,5.0,4.8398,10000,750,2,0,1,1,0,0
467,Kerrigan,0,0,0,1,0,1764,4.0,3.6757,4.0,500,10.0,3.0,0.0975,0.0,0.0,0.0,0.0,115,4.0,1.25,0.0,2.0,4.8398,4000,500,2,1,0,1,0,0
468,Kharazim,0,0,0,1,0,2080,4.0,4.2226,4.0,500,10.0,3.0,0.0975,0.0,0.0,0.0,0.0,64,4.0,2.0,0.0,1.0,4.8398,7000,625,1,1,0,1,1,0
469,Leoric,0,0,0,1,0,2550,4.0,5.3125,4.0,500,10.0,3.0,0.0975,0.0,0.0,0.0,0.0,115,4.0,0.77,0.0,2.0,4.8398,7000,625,0,1,0,1,0,0
470,Li Li,0,0,0,1,0,1500,4.0,3.125,4.0,500,10.0,3.0,0.0975,0.0,0.0,0.0,0.0,60,4.0,1.25,0.0,5.0,4.8398,2000,300,0,0,1,1,1,1
471,Li-Ming,0,0,0,1,0,1270,4.0,2.6458,4.0,500,10.0,3.0,0.0975,0.0,0.0,0.0,0.0,63,4.0,1.0,0.0,5.0,4.8398,7000,625,1,0,1,1,0,1
472,Lt. Morales,0,0,0,1,0,1560,4.0,3.25,4.0,0,0.0,0.0,0.0,0.0,0.0,0.0,0.0,83,4.0,1.0,0.0,5.0,4.8398,7000,625,1,0,1,0,1,1
473,Lunara,0,0,0,1,0,1430,4.0,2.9804,4.0,500,10.0,3.0,0.0975,0.0,0.0,0.0,0.0,90,4.0,0.8,0.0,5.0,4.8398,7000,625,1,0,1,1,0,1
474,Lcio,0,0,0,1,0,1442,4.0,3.0,4.0,500,10.0,3.0,0.0975,0.0,0.0,0.0,0.0,23,4.0,1.11,0.0,5.0,4.8398,10000,750,1,0,1,1,1,0
475,Maiev,0,0,0,1,0,2021,4.0,4.211,4.0,500,10.0,3.0,0.0975,0.0,0.0,0.0,0.0,145,4.0,1.11,0.0,1.0,4.8398,10000,750,2,1,0,1,0,1
476,Mal'Ganis,0,0,0,1,0,2600,4.0,5.414,4.0,500,10.0,3.0,0.0975,0.0,0.0,0.0,0.0,96,4.0,0.91,0.0,1.0,4.8398,10000,750,1,1,0,1,0,0
477,Malfurion,0,0,0,1,0,1525,4.0,3.1796,4.0,500,10.0,3.0,0.0975,0.0,0.0,0.0,0.0,60,4.0,1.11,0.0,5.0,4.8398,2000,300,0,0,1,1,1,0
478,Malthael,0,0,0,1,0,1962,4.0,4.086,4.0,500,10.0,3.0,0.0975,0.0,0.0,0.0,0.0,82,4.0,0.91,0.0,1.0,4.8398,10000,750,1,1,0,1,0,0
479,Medivh,0,0,0,1,0,1470,4.5,3.0625,4.5,500,10.0,3.0,0.0975,0.0,0.0,0.0,0.0,80,4.0,1.11,0.0,5.0,4.8398,10000,750,3,0,1,1,1,0
480,Mei,0,0,0,1,0,2625,4.0,5.5703,4.0,500,10.0,3.0,0.0975,0.0,0.0,0.0,0.0,78,4.0,1.0,0.0,4.0,4.8398,10000,750,1,0,1,1,0,1
481,Mephisto,0,0,0,1,0,1968,4.0,4.1015,4.0,500,10.0,3.0,0.0975,0.0,0.0,0.0,0.0,66,4.0,1.0,0.0,4.0,4.8398,10000,750,1,0,1,1,0,0
482,Muradin,0,0,0,1,0,2765,4.0,5.7617,4.0,500,10.0,3.0,0.0975,0.0,0.0,0.0,0.0,88,4.0,1.11,0.0,1.0,4.8398,4000,500,0,1,0,1,0,0
483,Murky,0,0,0,1,0,730,4.0,29.1992,4.0,0,0.0,0.0,0.0,0.0,0.0,0.0,0.0,60,4.0,1.25,0.0,1.0,4.8398,7000,625,2,1,0,0,0,0
484,Nazeebo,0,0,0,1,0,1502,4.0,3.129,4.0,500,10.0,2.0,0.0975,0.0,0.0,0.0,0.0,88,4.0,1.11,0.0,5.0,4.8398,4000,500,1,0,1,1,0,0
485,Nova,0,0,0,1,0,1300,4.0,2.711,4.0,500,10.0,3.0,0.0975,0.0,0.0,0.0,0.0,105,4.0,1.0,0.0,6.0,4.8398,7000,625,1,0,1,1,0,1
486,Olaf - The Lost Vikings,0,0,0,1,0,1482,0.0,3.086,0.0,0,0.0,0.0,0.0,0.0,0.0,0.0,0.0,54,0.0,1.0,0.0,1.0,4.8398,10000,750,2,1,0,0,1,0
487,Orphea,0,0,0,1,0,1525,4.0,3.1757,4.0,500,10.0,3.0,0.0975,0.0,0.0,0.0,0.0,88,4.0,1.2,0.0,5.0,4.8398,10000,750,1,0,1,1,0,1
488,Probius,0,0,0,1,0,1260,4.0,2.625,4.0,600,10.0,33.0,0.0,0.0,0.0,0.0,0.0,33,4.0,1.11,0.0,3.0,4.8398,10000,750,2,0,1,1,0,0
489,Qhira,0,0,0,1,0,2000,4.0,4.168,4.0,500,10.0,3.0,0.0975,0.0,0.0,0.0,0.0,100,4.0,1.0,0.0,2.0,4.8398,10000,750,1,1,0,1,0,1
490,Ragnaros,0,0,0,1,0,2075,4.0,4.3242,4.0,500,10.0,1.5,0.0975,0.0,0.0,0.0,0.0,180,4.0,0.83,0.0,2.0,4.8398,7000,625,1,1,0,1,0,0
491,Raynor,0,0,0,1,0,1450,4.0,3.0195,4.0,500,10.0,1.5,0.0975,0.0,0.0,0.0,0.0,98,4.0,1.25,0.0,6.0,4.8398,2000,300,0,0,1,1,0,0
492,Rehgar,0,0,0,1,0,1900,4.0,3.957,4.0,500,10.0,3.0,0.0975,0.0,0.0,0.0,0.0,110,4.0,1.11,0.0,1.0,4.8398,7000,625,1,1,0,1,1,0
493,Rexxar,0,0,0,1,0,1810,4.0,3.7695,4.0,500,10.0,1.5,0.0975,0.0,0.0,0.0,0.0,134,4.0,0.87,0.0,5.0,4.8398,4000,500,2,0,1,1,0,0
494,Samuro,0,0,0,1,0,1725,4.0,3.5898,4.0,0,0.0,0.0,0.0,0.0,0.0,0.0,0.0,102,4.0,1.67,0.0,2.0,4.8398,10000,750,2,1,0,0,0,0
495,Sgt. Hammer,0,0,0,1,0,1720,4.0,3.582,4.0,500,10.0,3.0,0.0975,0.0,0.0,0.0,0.0,140,4.0,1.0,0.0,5.0,4.8398,7000,625,2,0,1,1,0,1
496,Sonya,0,0,0,1,0,2450,4.0,5.1054,4.0,0,0.0,0.0,0.0,0.0,0.0,0.0,0.0,84,4.0,1.25,0.0,1.0,4.8398,4000,500,1,1,0,0,0,0
497,Stitches,0,0,0,1,0,3020,4.0,6.293,4.0,500,10.0,3.0,0.0975,0.0,0.0,0.0,0.0,71,4.0,0.91,0.0,1.0,4.8398,7000,625,1,1,0,1,0,0
498,Stukov,0,0,0,1,0,1835,4.0,3.8242,4.0,500,10.0,3.0,0.0975,0.0,0.0,0.0,0.0,261,4.0,0.67,0.0,1.0,4.8398,10000,750,1,1,0,1,1,0
499,Sylvanas,0,0,0,1,0,1650,4.0,3.4414,4.0,500,10.0,3.0,0.0975,0.0,0.0,0.0,0.0,81,4.0,1.67,0.0,5.0,4.8398,7000,625,1,0,1,1,0,1
500,Tassadar,0,0,0,1,0,1650,4.0,3.4375,4.0,500,10.0,1.5,0.0975,0.0,0.0,0.0,0.0,14,4.0,4.0,0.0,6.0,4.8398,4000,500,1,0,1,1,0,0
501,The Butcher,0,0,0,1,0,2154,4.5,4.4882,4.5,500,10.0,3.0,0.0975,0.0,0.0,0.0,0.0,130,4.0,1.11,0.0,1.0,4.8398,7000,625,1,1,0,1,0,0
502,Thrall,0,0,0,1,0,1946,4.0,4.0546,4.0,500,10.0,3.0,0.0975,0.0,0.0,0.0,0.0,173,4.0,0.91,0.0,1.0,4.8398,4000,500,1,1,0,1,0,0
503,Tracer,0,0,0,1,0,1330,4.0,2.707,4.0,0,0.0,0.0,0.0,0.0,0.0,0.0,0.0,23,4.0,8.0,0.0,5.0,4.8398,10000,750,2,0,1,0,0,1
504,Tychus,0,0,0,1,0,1925,4.0,4.0117,4.0,500,10.0,3.0,0.0975,25.0,0.0,25.0,0.0,50,4.0,4.0,0.0,4.0,4.8398,4000,500,1,0,1,1,0,0
505,Tyrael,0,0,0,1,0,2517,4.0,5.2382,4.0,500,10.0,3.0,0.0975,0.0,0.0,0.0,0.0,82,4.0,1.25,0.0,1.0,4.8398,4000,500,1,1,0,1,0,0
506,Tyrande,0,0,0,1,0,1511,4.0,3.1484,4.0,500,10.0,3.0,0.0975,0.0,0.0,0.0,0.0,55,4.0,1.33,0.0,6.0,4.8398,4000,500,1,0,1,1,1,1
507,Uther,0,0,0,1,0,1975,4.0,4.1093,4.0,500,10.0,3.0,0.0975,0.0,0.0,0.0,0.0,75,4.0,1.0,0.0,1.0,4.8398,4000,500,0,1,0,1,1,0
508,Valeera,0,0,0,1,0,2047,4.0,4.2656,4.0,0,0.0,10.0,0.0,0.0,0.0,0.0,0.0,79,4.0,2.0,0.0,1.0,4.8398,10000,750,2,1,0,0,0,1
509,Valla,0,0,0,1,0,1340,4.0,2.793,4.0,500,10.0,3.0,0.0975,0.0,0.0,0.0,0.0,70,4.0,1.67,0.0,5.0,4.8398,2000,300,0,0,1,1,0,1
510,Varian,0,0,0,1,0,2220,4.0,4.625,4.0,500,10.0,3.0,0.0975,0.0,0.0,0.0,0.0,74,4.0,1.25,0.0,1.0,4.8398,10000,750,1,1,0,1,0,0
511,Whitemane,0,0,0,1,0,1400,4.0,2.9218,4.0,500,10.0,3.0,0.0975,0.0,0.0,0.0,0.0,62,4.0,1.0,0.0,5.0,4.8398,10000,750,1,0,1,1,1,0
512,Xul,0,0,0,1,0,2080,4.0,4.333,4.0,500,10.0,1.0,0.0975,0.0,0.0,0.0,0.0,95,4.0,1.2,0.0,1.0,4.8398,10000,750,1,1,0,1,0,0
513,Yrel,0,0,0,1,0,2678,4.0,5.418,4.0,500,10.0,3.0,0.0975,0.0,0.0,0.0,0.0,155,4.0,0.77,0.0,1.0,4.8398,10000,750,1,1,0,1,0,1
514,Zagara,0,0,0,1,0,1550,4.0,3.2304,4.0,500,10.0,0.75,0.0975,0.0,0.0,0.0,0.0,83,4.0,1.25,0.0,6.0,4.8398,4000,500,1,0,1,1,0,1
515,Zarya,0,0,0,1,0,2292,4.0,4.7734,4.0,0,0.0,0.0,0.0,0.0,0.0,0.0,0.0,20,4.0,4.0,0.0,4.0,4.8398,7000,625,1,0,1,0,1,1
516,Zeratul,0,0,0,1,0,1622,4.0,3.379,4.0,500,10.0,3.0,0.0975,0.0,0.0,0.0,0.0,126,4.0,1.11,0.0,1.0,4.8398,10000,750,2,1,0,1,0,0
517,Zul'jin,0,0,0,1,0,1875,4.0,3.9023,4.0,500,10.0,3.0,0.0975,0.0,0.0,0.0,0.0,96,4.0,1.25,0.0,5.0,4.8398,10000,750,1,0,1,1,0,0
518,Achilles,0,0,0,0,1,475,85.0,9.0,0.75,205,35.0,4.7,0.39,17.0,3.0,24.0,1.3,38,2.0,0.95,1.25,16.0,370.0,5500,200,1,1,0,1,0,0
519,Agni,0,0,0,0,1,360,71.0,7.0,0.47,255,45.0,4.7,0.37,11.0,2.6,23.0,1.3,34,1.5,1.0,1.2,55.0,355.0,1250,200,3,0,1,1,0,0
520,Ah Muzen Cab,0,0,0,0,1,450,78.0,7.0,0.71,230,40.0,4.4,0.38,12.0,3.0,23.0,1.3,33,2.5,0.95,1.7,55.0,365.0,5500,200,1,0,1,1,0,0
521,Ah Puch,0,0,0,0,1,450,75.0,6.0,0.45,265,55.0,4.9,0.42,13.0,2.7,23.0,1.3,35,1.5,0.86,0.95,55.0,365.0,5500,200,1,0,1,1,0,0
522,Amaterasu,0,0,0,0,1,480,85.0,8.0,0.8,220,35.0,4.8,0.4,18.0,3.0,24.0,1.3,39,2.2,1.0,1.4,12.0,375.0,5500,200,1,1,0,1,0,1
523,Anhur,0,0,0,0,1,460,78.0,8.0,0.69,220,35.0,4.5,0.32,11.0,2.8,23.0,1.3,35,2.5,1.0,1.7,55.0,365.0,5500,200,1,0,1,1,0,0
524,Anubis,0,0,0,0,1,420,72.0,7.0,0.45,280,58.0,4.8,0.36,10.0,2.5,23.0,1.3,35,1.5,0.86,0.99,55.0,360.0,5500,200,0,0,1,1,0,0
525,Ao Kuang,0,0,0,0,1,400,82.0,10.0,0.7,240,38.0,4.8,0.41,12.0,3.0,23.0,1.3,35,2.4,1.0,1.95,12.0,375.0,5500,200,3,1,0,1,0,0
526,Aphrodite,0,0,0,0,1,380,68.0,6.0,0.45,240,43.0,4.8,0.41,9.0,2.7,23.0,1.3,32,1.45,0.87,0.95,55.0,355.0,5500,200,3,0,1,1,1,1
527,Apollo,0,0,0,0,1,450,77.0,8.0,0.69,225,40.0,4.6,0.4,12.0,2.7,23.0,1.3,35,2.6,0.95,1.7,55.0,365.0,5500,200,0,0,1,1,0,0
528,Arachne,0,0,0,0,1,445,79.0,9.0,0.67,210,41.0,4.8,0.46,13.0,3.0,23.0,1.3,38,2.2,1.0,2.0,12.0,375.0,5500,200,1,1,0,1,0,1
529,Ares,0,0,0,0,1,485,90.0,8.0,0.67,200,37.0,4.6,0.42,20.0,3.0,27.0,1.3,40,4.0,0.9,1.25,12.0,365.0,5500,200,0,1,0,1,1,0
530,Artemis,0,0,0,0,1,480,78.0,8.0,0.68,205,34.0,4.4,0.25,12.0,3.0,23.0,1.3,30,2.5,0.95,1.7,55.0,365.0,575,200,1,0,1,1,0,1
531,Artio,0,0,0,0,1,500,95.0,8.0,0.9,210,39.0,4.6,0.43,20.0,3.2,27.0,1.3,38,1.8,1.0,1.2,12.0,365.0,5500,200,1,1,0,1,1,1
532,Athena,0,0,0,0,1,500,100.0,8.0,0.8,190,34.0,4.6,0.42,20.0,3.2,27.0,1.3,35,1.5,1.0,1.2,12.0,365.0,5500,200,0,1,0,1,1,1
533,Atlas,0,0,0,0,1,510,100.0,8.0,0.8,190,35.0,5.0,0.4,20.0,3.4,27.0,1.3,37,1.5,0.95,1.2,16.0,370.0,5500,200,0,1,0,1,1,0
534,Awilix,0,0,0,0,1,475,77.0,10.0,0.68,240,38.0,3.9,0.46,13.0,3.0,23.0,1.3,38,2.16,1.0,1.89,16.0,370.0,5500,200,3,1,0,1,0,1
535,Baba Yaga,0,0,0,0,1,400,73.0,8.0,0.5,280,50.0,5.0,0.6,11.0,2.7,23.0,1.3,35,1.5,0.95,1.0,55.0,365.0,5500,200,1,0,1,1,0,1
536,Bacchus,0,0,0,0,1,495,86.0,8.0,0.8,200,40.0,4.8,0.4,19.0,3.0,27.0,1.3,37,1.5,0.88,1.0,12.0,365.0,0,0,1,1,0,1,1,0
537,Bakasura,0,0,0,0,1,455,78.0,9.0,0.68,200,39.0,4.8,0.46,13.0,2.8,23.0,1.3,38,2.2,1.0,1.6,12.0,370.0,5500,200,0,1,0,1,0,0
538,Bake Kujira,0,0,0,0,1,500,100.0,7.0,0.8,200,38.0,4.6,0.42,21.0,3.2,27.0,1.3,18,1.8,1.25,0.0,14.0,370.0,5500,200,1,1,0,1,1,0
539,Baron Samedi,0,0,0,0,1,429,80.0,7.0,0.6,300,44.0,5.0,0.45,18.0,2.6,23.0,1.3,34,1.5,0.9,0.8,55.0,360.0,5500,200,3,0,1,1,0,0
540,Bastet,0,0,0,0,1,415,80.0,9.0,0.72,230,39.0,4.4,0.25,12.0,2.9,24.0,1.3,37,2.21,1.0,1.98,12.0,375.0,5500,200,0,1,0,1,0,1
541,Bellona,0,0,0,0,1,490,93.0,8.0,0.8,220,35.0,4.8,0.4,18.0,3.0,24.0,1.3,36,2.0,1.0,1.2,12.0,375.0,0,0,1,1,0,1,0,1
542,Cabrakan,0,0,0,0,1,490,90.0,8.0,0.75,200,38.0,8.0,0.8,23.0,3.5,27.0,1.3,40,3.0,0.9,1.2,12.0,365.0,5500,200,1,1,0,1,1,0
543,Camazotz,0,0,0,0,1,440,78.0,8.0,0.67,240,35.0,4.4,0.3,11.0,3.0,23.0,1.3,39,2.3,1.0,2.0,12.0,375.0,5500,200,1,1,0,1,0,0
544,Cerberus,0,0,0,0,1,490,95.0,7.0,0.75,200,35.0,4.6,0.4,19.0,3.0,27.0,1.3,38,1.5,1.0,1.0,12.0,360.0,5500,200,0,1,0,1,1,0
545,Cernunnos,0,0,0,0,1,480,80.0,8.0,0.69,220,37.0,4.5,0.32,13.0,2.9,23.0,1.3,32,2.5,1.0,1.4,55.0,365.0,5500,200,1,0,1,1,0,0
546,Chaac,0,0,0,0,1,490,88.0,7.0,0.8,205,35.0,4.7,0.39,18.0,3.0,24.0,1.3,39,2.1,1.0,1.2,12.0,375.0,0,0,1,1,0,1,0,0
547,Chang%27e,0,0,0,0,1,464,84.0,6.0,0.45,310,48.0,5.5,0.44,11.0,2.7,23.0,1.3,32,1.45,1.0,0.95,55.0,355.0,5500,200,1,0,1,1,0,1
548,Charon,0,0,0,0,1,490,89.0,6.0,0.75,210,38.0,4.6,0.42,19.0,3.0,27.0,1.3,36,1.5,1.0,1.2,55.0,370.0,5500,200,1,0,1,1,1,0
549,Charybdis,0,0,0,0,1,440,77.0,7.0,0.69,220,38.0,4.4,0.38,11.0,2.9,23.0,1.3,33,2.6,0.95,1.6,55.0,365.0,5500,200,1,0,1,1,0,0
550,Chernobog,0,0,0,0,1,450,80.0,8.0,0.67,220,38.0,4.4,0.35,11.0,3.0,23.0,1.3,31,2.6,0.95,1.7,55.0,365.0,5500,200,3,0,1,1,0,0
551,Chiron,0,0,0,0,1,460,75.0,6.0,0.65,225,40.0,4.4,0.38,12.0,2.8,23.0,1.3,32,2.35,1.0,1.4,55.0,380.0,5500,200,0,0,1,1,0,0
552,Chronos,0,0,0,0,1,425,75.0,7.0,0.48,240,42.0,4.4,0.44,13.0,2.9,23.0,1.3,40,1.5,1.05,1.5,55.0,360.0,5500,200,3,0,1,1,0,0
553,Cliodhna,0,0,0,0,1,475,77.0,9.0,0.85,225,40.0,4.3,0.4,12.0,3.1,23.0,1.3,41,2.25,1.0,2.16,12.0,375.0,5500,200,1,1,0,1,0,1
554,Cthulhu,0,0,0,0,1,500,95.0,8.0,0.8,210,38.0,4.6,0.42,20.0,3.2,27.0,1.3,38,1.5,0.9,1.2,16.0,370.0,5500,200,1,1,0,1,1,0
555,Cu Chulainn,0,0,0,0,1,480,85.0,7.0,0.75,100,0.0,0.0,0.0,17.0,3.0,24.0,1.3,39,2.0,1.0,1.25,16.0,370.0,5500,200,1,1,0,1,0,0
556,Cupid,0,0,0,0,1,445,72.0,8.0,0.67,230,39.0,4.6,0.35,11.0,3.0,23.0,1.3,35,2.5,0.95,1.8,55.0,365.0,1500,200,0,0,1,1,0,0
557,Da Ji,0,0,0,0,1,450,76.0,9.0,0.7,210,40.0,4.6,0.37,14.0,3.0,23.0,1.3,39,2.25,1.0,2.0,12.0,375.0,5500,200,1,1,0,1,0,1
558,Danzaburou,0,0,0,0,1,460,78.0,7.0,0.69,230,38.0,4.4,0.38,13.0,2.9,23.0,1.3,35,2.6,1.0,1.4,55.0,370.0,5500,200,1,0,1,1,0,0
559,Discordia,0,0,0,0,1,370,68.0,7.0,0.45,280,51.0,5.0,0.43,9.0,2.7,23.0,1.3,34,1.5,0.9,1.0,55.0,360.0,5500,200,1,0,1,1,0,1
560,Erlang Shen,0,0,0,0,1,475,82.0,8.0,0.6,220,35.0,4.7,0.3,17.0,3.0,24.0,1.3,39,2.0,1.0,1.0,12.0,375.0,5500,200,1,1,0,1,0,0
561,Eset,0,0,0,0,1,380,72.0,6.0,0.45,280,51.0,4.8,0.43,9.0,2.7,23.0,1.3,35,1.5,1.0,0.0,55.0,360.0,5500,200,1,0,1,1,0,1
562,Fafnir,0,0,0,0,1,495,90.0,7.0,0.54,200,40.0,4.5,0.45,21.0,3.4,27.0,1.3,37,1.55,0.9,1.2,12.0,365.0,5500,200,1,1,0,1,1,0
563,Fenrir,0,0,0,0,1,455,78.0,8.0,0.73,230,35.0,4.2,0.26,14.0,3.0,23.0,1.3,38,2.3,1.0,1.7,12.0,370.0,5500,200,1,1,0,1,0,0
564,Freya,0,0,0,0,1,436,80.0,7.0,0.52,220,37.0,4.5,0.39,14.0,2.8,23.0,1.3,35,1.5,1.0,1.95,12.0,370.0,5500,200,1,1,0,1,0,1
565,Ganesha,0,0,0,0,1,495,95.0,6.0,0.67,200,40.0,4.6,0.42,20.0,3.2,27.0,1.3,38,1.55,1.0,1.2,12.0,360.0,5500,200,1,1,0,1,1,0
566,Geb,0,0,0,0,1,510,90.0,8.0,0.8,190,34.0,4.6,0.4,19.0,3.0,27.0,1.3,38,1.5,1.0,1.2,12.0,360.0,5500,200,1,1,0,1,1,0
567,Gilgamesh,0,0,0,0,1,480,85.0,10.0,0.8,210,35.0,4.3,0.39,18.0,3.0,24.0,1.3,39,2.3,1.0,1.25,12.0,375.0,5500,200,1,1,0,1,0,0
568,Guan Yu,0,0,0,0,1,480,87.0,6.0,0.7,220,39.0,4.8,0.45,17.0,3.0,24.0,1.3,37,2.0,1.0,1.2,12.0,375.0,5500,200,1,1,0,1,1,0
569,Hachiman,0,0,0,0,1,455,77.0,7.0,0.69,230,36.0,4.5,0.37,11.0,2.8,23.0,1.3,31,2.5,1.0,1.3,55.0,365.0,5500,200,0,0,1,1,0,0
570,Hades,0,0,0,0,1,475,85.0,5.0,0.54,265,53.0,5.0,0.36,18.0,2.6,23.0,1.3,32,1.5,0.95,1.05,55.0,365.0,2000,200,0,0,1,1,0,0
571,He Bo,0,0,0,0,1,425,75.0,6.0,0.45,298,56.0,4.9,0.4,9.0,2.6,23.0,1.3,34,1.45,0.86,0.9,55.0,360.0,5500,200,0,0,1,1,0,0
572,Heimdallr,0,0,0,0,1,480,80.0,8.0,0.8,230,34.0,4.5,0.4,16.0,3.0,23.0,1.3,30,3.0,0.96,1.5,56.0,365.0,5500,200,3,0,1,1,0,0
573,Hel,0,0,0,0,1,477,67.0,5.43,0.43,360,60.0,5.45,0.45,12.0,2.6,25.0,1.3,35,1.5,0.87,0.9,55.0,355.0,5500,200,3,0,1,1,0,1
574,Hera,0,0,0,0,1,380,68.0,6.0,0.45,265,45.0,4.8,0.41,10.0,2.7,24.0,1.3,34,1.45,0.9,1.0,55.0,365.0,5500,200,1,0,1,1,0,1
575,Hercules,0,0,0,0,1,490,89.0,7.0,0.63,205,32.0,4.3,0.4,18.0,3.0,24.0,1.3,39,2.0,1.0,1.0,12.0,375.0,5500,200,0,1,0,1,0,0
576,Horus,0,0,0,0,1,498,95.0,6.0,0.8,230,37.0,4.7,0.45,17.0,3.0,24.0,1.3,37,2.1,1.0,1.2,12.0,370.0,5500,200,1,1,0,1,1,0
577,Hou Yi,0,0,0,0,1,480,78.0,8.0,0.68,240,38.0,5.0,0.35,13.0,3.0,23.0,1.3,35,2.8,0.95,1.4,55.0,370.0,5500,200,3,0,1,1,0,0
578,Hun Batz,0,0,0,0,1,460,75.0,10.0,0.68,220,38.0,4.4,0.38,13.0,3.0,23.0,1.3,38,2.16,1.0,1.89,12.0,370.0,5500,200,0,1,0,1,0,0
579,Ishtar,0,0,0,0,1,470,78.0,7.0,0.7,220,38.0,4.5,0.38,13.0,2.9,23.0,1.3,34,2.6,1.0,1.6,55.0,365.0,5500,200,1,0,1,1,0,1
580,Ix Chel,0,0,0,0,1,380,80.0,7.0,0.6,300,44.0,5.0,0.45,12.0,2.8,23.0,1.3,35,1.5,0.9,0.8,55.0,360.0,5500,200,1,0,1,1,0,1
581,Izanami,0,0,0,0,1,450,77.0,6.0,0.7,210,35.0,4.4,0.38,11.0,2.9,23.0,1.3,31,2.4,0.92,1.7,52.0,365.0,0,0,1,0,1,1,0,1
582,Janus,0,0,0,0,1,400,70.0,6.0,0.45,350,58.0,5.0,0.45,10.0,2.8,23.0,1.3,34,1.45,1.0,0.8,55.0,360.0,5500,200,1,0,1,1,0,0
583,Jing Wei,0,0,0,0,1,435,78.0,7.0,0.68,205,36.0,4.4,0.3,11.0,2.9,23.0,1.3,33,2.7,1.0,1.6,55.0,370.0,5500,200,0,0,1,1,0,1
584,Jormungandr,0,0,0,0,1,495,100.0,7.0,0.9,190,40.0,4.5,0.45,21.0,3.5,27.0,1.3,11,0.96,1.0,1.0,35.0,370.0,5500,200,1,0,1,1,1,0
585,Kali,0,0,0,0,1,470,74.0,9.0,0.68,225,34.0,4.3,0.21,15.0,2.9,23.0,1.3,37,2.32,1.0,2.16,12.0,375.0,5500,200,1,1,0,1,0,1
586,Khepri,0,0,0,0,1,490,90.0,8.0,0.8,190,34.0,4.6,0.4,19.0,3.0,27.0,1.3,38,1.5,1.0,1.2,12.0,365.0,5500,200,1,1,0,1,1,0
587,King Arthur,0,0,0,0,1,485,83.0,9.0,0.8,230,40.0,4.4,0.4,17.0,3.0,24.0,1.3,39,2.0,1.0,0.0,16.0,370.0,5500,200,1,1,0,1,0,0
588,Kukulkan,0,0,0,0,1,380,75.0,7.0,0.46,265,45.0,5.0,0.45,13.0,3.0,23.0,1.3,34,1.45,0.87,0.91,55.0,360.0,0,0,0,0,1,1,0,0
589,Kumbhakarna,0,0,0,0,1,490,100.0,8.0,0.75,200,34.0,4.6,0.42,20.0,3.2,27.0,1.3,38,1.5,1.0,1.2,12.0,365.0,5500,200,0,1,0,1,1,0
590,Kuzenbo,0,0,0,0,1,500,100.0,8.0,0.85,200,34.0,4.6,0.42,17.0,3.2,27.0,1.3,38,1.5,1.0,1.2,12.0,365.0,5500,200,0,1,0,1,1,0
591,Lancelot,0,0,0,0,1,460,77.0,9.0,0.7,230,40.0,4.6,0.46,14.0,2.9,23.0,1.3,38,2.3,1.0,1.9,16.0,370.0,5500,200,3,1,0,1,0,0
592,Loki,0,0,0,0,1,395,75.0,8.0,0.7,210,35.0,4.2,0.35,11.0,2.9,23.0,1.3,38,2.4,1.0,1.9,12.0,375.0,5500,200,0,1,0,1,0,0
593,Maman Brigitte,0,0,0,0,1,407,77.0,10.0,0.46,240,36.0,4.8,0.4,12.0,3.0,23.0,1.3,35,2.4,1.0,1.8,12.0,375.0,5500,200,1,1,0,1,0,1
594,Martichoras,0,0,0,0,1,486,82.0,7.0,0.7,240,38.0,4.5,0.4,15.0,3.1,23.0,1.3,34,2.6,0.91,1.4,55.0,365.0,5500,200,1,0,1,1,0,0
595,Maui,0,0,0,0,1,500,100.0,8.0,0.8,200,36.0,4.5,0.42,20.0,3.4,27.0,1.3,40,1.8,0.9,1.4,25.0,370.0,5500,200,1,1,0,1,1,0
596,Medusa,0,0,0,0,1,470,77.0,8.0,0.68,220,34.0,4.4,0.25,12.0,3.0,23.0,1.3,35,2.6,0.95,1.4,55.0,375.0,5500,200,0,0,1,1,0,1
597,Mercury,0,0,0,0,1,400,75.0,10.0,0.7,200,40.0,4.4,0.35,12.0,2.9,24.0,1.3,38,2.13,1.0,2.4,12.0,381.0,5500,200,1,1,0,1,0,0
598,Merlin,0,0,0,0,1,370,75.0,6.0,0.48,250,55.0,4.8,0.44,10.0,3.0,23.0,1.3,34,1.5,1.0,0.8,58.0,355.0,5500,200,3,0,1,1,0,0
599,Morgan Le Fay,0,0,0,0,1,430,77.0,8.0,0.48,250,55.0,4.8,0.44,14.0,3.0,23.0,1.3,35,1.5,1.0,0.8,55.0,365.0,5500,200,1,0,1,1,0,1
600,Mulan,0,0,0,0,1,490,84.0,9.0,0.7,220,38.0,4.7,0.4,18.0,3.0,24.0,1.3,39,2.2,1.0,1.0,12.0,375.0,5500,200,1,1,0,1,0,1
601,Ne Zha,0,0,0,0,1,400,75.0,10.0,0.71,200,35.0,3.9,0.27,12.0,2.9,23.0,1.3,39,2.2,1.0,2.1,12.0,375.0,5500,200,1,1,0,1,0,1
602,Neith,0,0,0,0,1,457,75.0,6.0,0.54,230,39.0,4.4,0.35,12.0,3.0,23.0,1.3,33,2.5,1.0,1.6,55.0,365.0,0,0,0,0,1,1,0,1
603,Nemesis,0,0,0,0,1,470,76.0,8.0,0.7,210,38.0,4.3,0.4,11.0,3.0,23.0,1.3,39,2.25,1.0,2.16,12.0,375.0,0,0,1,1,0,1,0,1
604,Nike,0,0,0,0,1,500,87.0,10.0,0.8,220,38.0,4.6,0.39,15.0,3.0,24.0,1.3,37,2.0,1.0,1.2,12.0,375.0,5500,200,0,1,0,1,0,1
605,Nox,0,0,0,0,1,365,75.0,8.0,0.6,250,38.0,5.0,0.4,18.0,2.6,23.0,1.3,34,1.5,1.0,0.8,55.0,360.0,5500,200,1,0,1,1,0,1
606,Nu Wa,0,0,0,0,1,400,75.0,7.0,0.45,265,43.0,4.6,0.43,9.0,2.7,23.0,1.3,35,1.5,1.0,1.7,55.0,355.0,5500,200,0,0,1,1,0,1
607,Nut,0,0,0,0,1,480,76.0,7.0,0.71,230,37.0,4.5,0.4,13.0,2.9,23.0,1.3,35,2.7,1.0,1.7,52.0,370.0,5500,200,1,0,1,1,0,1
608,Odin,0,0,0,0,1,470,83.0,9.0,0.63,200,35.0,4.1,0.4,16.0,3.0,24.0,1.3,38,2.0,1.0,1.1,12.0,370.0,5500,200,0,1,0,1,0,0
609,Olorun,0,0,0,0,1,450,75.0,7.0,0.45,240,58.0,5.0,0.4,13.0,3.0,23.0,1.3,40,2.38,1.05,1.5,55.0,370.0,0,0,1,0,1,1,0,0
610,Osiris,0,0,0,0,1,485,88.0,9.0,0.8,230,40.0,4.7,0.39,17.0,3.0,23.0,1.3,39,2.25,1.0,1.3,12.0,375.0,5500,200,3,1,0,1,0,0
611,Pele,0,0,0,0,1,460,77.0,9.0,0.7,240,40.0,4.3,0.4,12.0,2.9,23.0,1.3,39,2.25,1.0,2.0,12.0,375.0,5500,200,1,1,0,1,0,1
612,Persephone,0,0,0,0,1,370,75.0,7.0,0.45,280,55.0,5.0,0.42,9.0,2.7,23.0,1.3,34,1.7,0.95,0.95,55.0,360.0,5500,200,3,0,1,1,0,1
613,Poseidon,0,0,0,0,1,380,67.0,6.0,0.5,245,40.0,4.6,0.4,8.0,2.6,23.0,1.3,35,1.5,0.95,1.2,55.0,360.0,0,0,0,0,1,1,0,0
614,Ra,0,0,0,0,1,385,75.0,7.0,0.48,255,48.0,4.8,0.44,10.0,3.0,23.0,1.3,34,1.5,0.88,1.0,55.0,360.0,5500,200,1,0,1,1,0,0
615,Raijin,0,0,0,0,1,385,80.0,6.0,0.45,255,43.0,4.6,0.46,9.0,3.1,23.0,1.3,34,1.5,0.87,0.9,55.0,355.0,5500,200,1,0,1,1,0,0
616,Rama,0,0,0,0,1,460,76.0,8.0,0.65,205,34.0,4.5,0.25,12.0,2.8,23.0,1.3,35,2.5,0.95,1.7,55.0,370.0,5500,200,1,0,1,1,0,0
617,Ratatoskr,0,0,0,0,1,420,73.0,9.0,0.7,240,41.0,4.6,0.46,12.0,3.0,23.0,1.3,39,2.25,1.0,2.0,12.0,375.0,5500,200,0,1,0,1,0,0
618,Ravana,0,0,0,0,1,400,75.0,8.0,0.7,230,35.0,4.4,0.35,13.0,2.9,23.0,1.3,39,2.2,1.0,1.7,12.0,370.0,5500,200,1,1,0,1,0,0
619,Scylla,0,0,0,0,1,365,75.0,6.0,0.45,298,56.0,4.9,0.4,9.0,2.6,23.0,1.3,34,1.45,1.0,0.8,55.0,355.0,5500,200,0,0,1,1,0,1
620,Serqet,0,0,0,0,1,414,76.0,9.0,0.7,240,40.0,4.3,0.29,14.0,2.9,23.0,1.3,39,2.25,1.0,2.16,12.0,370.0,5500,200,1,1,0,1,0,1
621,Set,0,0,0,0,1,450,75.0,9.0,0.7,210,38.0,4.2,0.38,13.0,2.9,23.0,1.3,39,2.3,1.0,1.9,12.0,375.0,5500,200,1,1,0,1,0,0
622,Shiva,0,0,0,0,1,475,83.0,8.0,0.7,210,36.0,4.5,0.39,16.0,3.0,24.0,1.3,39,2.0,1.0,1.2,16.0,375.0,5500,200,1,1,0,1,0,1
623,Skadi,0,0,0,0,1,470,78.0,8.0,0.69,220,35.0,4.5,0.32,11.0,2.8,23.0,1.3,30,2.5,0.95,1.6,55.0,375.0,5500,200,3,0,1,1,0,1
624,Sobek,0,0,0,0,1,490,95.0,6.0,0.75,210,35.0,4.5,0.43,19.0,3.0,27.0,1.3,38,1.5,0.85,1.4,12.0,365.0,5500,200,0,1,0,1,1,0
625,Sol,0,0,0,0,1,400,75.0,6.0,0.45,300,57.0,4.9,0.4,9.0,2.6,23.0,1.3,34,1.45,1.0,1.8,55.0,370.0,5500,200,3,0,1,1,0,1
626,Sun Wukong,0,0,0,0,1,480,85.0,8.0,0.8,205,35.0,4.3,0.38,18.0,3.0,24.0,1.3,39,2.0,1.0,0.9,12.0,370.0,5500,200,1,1,0,1,0,0
627,Surtr,0,0,0,0,1,479,84.0,9.0,0.8,230,35.0,4.6,0.38,18.0,3.0,24.0,1.3,39,2.2,1.0,1.2,16.0,375.0,5500,200,1,1,0,1,0,0
628,Susano,0,0,0,0,1,435,76.0,9.0,0.7,225,38.0,4.2,0.27,14.0,2.9,23.0,1.3,38,2.2,1.0,2.16,12.0,370.0,5500,200,3,1,0,1,0,0
629,Sylvanus,0,0,0,0,1,510,95.0,8.0,0.8,190,34.0,4.6,0.4,21.0,3.4,27.0,1.3,38,1.5,0.9,0.8,40.0,370.0,5500,200,1,0,1,1,1,0
630,Terra,0,0,0,0,1,500,95.0,8.0,0.8,200,35.0,4.6,0.4,19.0,3.2,27.0,1.3,38,1.55,0.9,1.4,12.0,365.0,5500,200,3,1,0,1,1,1
631,Thanatos,0,0,0,0,1,390,75.0,8.0,0.67,240,38.0,4.4,0.38,14.0,2.9,23.0,1.3,39,2.3,1.0,1.7,12.0,370.0,0,0,1,1,0,1,0,0
632,The Morrigan,0,0,0,0,1,450,75.0,10.0,0.7,250,38.0,4.5,0.4,14.0,3.0,25.0,1.3,34,2.4,0.87,1.0,55.0,365.0,5500,200,4,0,1,1,0,1
633,Thor,0,0,0,0,1,460,76.0,9.0,0.69,240,38.0,4.4,0.29,14.0,2.9,23.0,1.3,39,2.4,1.0,1.45,12.0,370.0,5500,200,3,1,0,1,0,0
634,Thoth,0,0,0,0,1,365,75.0,6.0,0.45,245,49.0,4.6,0.44,9.0,2.6,23.0,1.3,32,1.5,1.0,1.2,55.0,355.0,5500,200,1,0,1,1,0,0
635,Tiamat,0,0,0,0,1,400,77.0,7.0,0.5,300,55.0,5.0,0.44,13.0,2.7,23.0,1.3,34,1.5,0.88,1.0,55.0,360.0,5500,200,3,0,1,1,0,1
636,Tsukuyomi,0,0,0,0,1,455,78.0,8.0,0.68,205,35.0,4.5,0.46,13.0,2.8,23.0,1.3,35,2.4,1.0,1.3,12.0,375.0,5500,200,1,1,0,1,0,0
637,Tyr,0,0,0,0,1,485,83.0,8.0,0.72,230,40.0,4.4,0.29,18.0,3.0,24.0,1.3,39,2.0,1.0,0.9,12.0,375.0,5500,200,3,1,0,1,0,0
638,Ullr,0,0,0,0,1,480,80.0,8.0,0.71,230,40.0,4.4,0.38,13.0,3.0,23.0,1.3,33,2.4,0.95,1.5,55.0,360.0,5500,200,3,0,1,1,0,0
639,Vamana,0,0,0,0,1,490,88.0,8.0,0.5,200,39.0,4.7,0.41,18.0,2.9,24.0,1.3,37,2.0,1.0,1.4,12.0,375.0,5500,200,1,1,0,1,0,0
640,Vulcan,0,0,0,0,1,380,71.0,7.0,0.48,245,40.0,4.8,0.45,13.0,3.0,23.0,1.3,34,1.5,0.9,1.1,55.0,360.0,5500,200,1,0,1,1,0,0
641,Xbalanque,0,0,0,0,1,455,75.0,8.0,0.68,220,37.0,4.4,0.4,12.0,2.9,23.0,1.3,35,2.5,0.95,1.5,55.0,365.0,5500,200,1,0,1,1,0,0
642,Xing Tian,0,0,0,0,1,495,90.0,5.0,0.54,200,40.0,4.5,0.45,20.0,3.4,27.0,1.3,35,1.55,0.9,1.2,12.0,360.0,5500,200,1,1,0,1,1,0
643,Yemoja,0,0,0,0,1,490,95.0,6.0,0.7,0,0.0,0.0,0.0,19.0,3.0,27.0,1.3,34,1.5,1.0,1.2,55.0,365.0,0,0,1,0,1,1,1,1
644,Ymir,0,0,0,0,1,510,104.0,8.0,0.9,200,32.0,4.5,0.45,23.0,3.3,27.0,1.3,38,1.55,0.85,1.2,12.0,370.0,0,0,0,1,0,1,1,0
645,Yu Huang,0,0,0,0,1,400,77.0,7.0,0.47,280,55.0,4.7,0.44,12.0,3.0,23.0,1.3,35,1.5,0.99,1.2,55.0,355.0,5500,200,1,0,1,1,0,0
646,Zeus,0,0,0,0,1,380,71.0,6.0,0.45,245,44.0,4.6,0.45,8.0,2.7,23.0,1.3,35,1.5,0.95,0.99,55.0,360.0,5500,200,1,0,1,1,0,0
647,Zhong Kui,0,0,0,0,1,450,85.0,6.0,0.44,250,47.0,4.8,0.45,10.0,2.6,23.0,1.3,33,1.5,0.95,1.0,55.0,360.0,5500,200,0,0,1,1,0,0
